0.05,-0.00,0.03,0.05,0.00,0.01,0.02,-0.01,-0.01,-0.01,-0.05,-0.00,-0.02,-0.08,0.07,-0.00,-0.09,0.18,0.03,-0.02,0.25,0.06,0.11,0.21,0.06,0.26,0.07,0.05,0.34,-0.10,0.04,0.28,-0.20,0.05,0.09,-0.19,0.05,-0.14,-0.09,0.02,-0.28,-0.01,-0.04,-0.26,0.01,-0.09,-0.13,-0.03,-0.09,-0.02,-0.08,-0.01,-0.01,-0.09,0.09,-0.09,-0.07,0.16,-0.16,-0.04,0.15,-0.14,-0.03,0.07,-0.04,-0.02,-0.02,0.05,0.01,-0.05,0.08,0.06,-0.03,0.02,0.12,0.02,-0.04,0.15,0.03,-0.04,0.13,-0.00,0.02,0.09,-0.05,0.08,0.05,-0.07,0.10,0.02,-0.06,0.06,-0.01,-0.04,0.01,-0.04,-0.04,-0.00,-0.06,-0.06,0.01,-0.05,-0.08,0.02,-0.02,-0.08,0.01,0.02,-0.05,0.01,0.03,-0.01,0.04,0.02,0.03,0.11,-0.01,0.04,0.18,-0.02,0.03,0.16,-0.01,0.01,0.05,0.00,-0.00,-0.10,-0.00,-0.02,-0.19,-0.04,-0.03,-0.17,-0.09,-0.05,-0.08,-0.11,-0.05,0.01,-0.09,-0.04,0.02,-0.05,-0.03,-0.03,-0.02,-0.01,-0.07,-0.01,0.01,-0.07,-0.01,0.03,-0.04,0.02,0.05,-0.02,0.07,0.09,-0.02,0.12,0.11,-0.05,0.14,0.10,-0.04,0.09,0.07,-0.01,-0.02,0.04,0.04,-0.11,0.03,0.04,-0.11,0.06,-0.01,0.00,0.10,-0.07,0.18,0.12,-0.10,0.35,0.08,-0.08,0.40,0.00,-0.02,0.29,-0.10,0.01,0.03,-0.19,0.01,-0.31,-0.22,-0.01,-0.63,-0.20,-0.01,-0.84,-0.15,0.05,-0.91,-0.10,0.14,-0.82,-0.05,0.23,-0.61,-0.02,0.27,-0.32,-0.01,0.27,-0.03,0.00,0.26,0.25,0.01,0.25,0.49,0.04,0.24,0.69,0.09,0.21,0.83,0.14,0.16,0.90,0.19,0.08,0.89,0.20,-0.00,0.81,0.18,-0.07,0.69,0.13,-0.14,0.54,0.10,-0.20,0.39,0.09,-0.26,0.25,0.08,-0.31,0.11,0.06,-0.34,-0.03,-0.01,-0.35,-0.17,-0.09,-0.33,-0.29,-0.16,-0.30,-0.37,-0.18,-0.25,-0.39,-0.16,-0.19,-0.36,-0.11,-0.14,-0.29,-0.08,-0.09,-0.24,-0.06,-0.05,-0.27,-0.06,-0.02,-0.42,-0.05,0.02,-0.69,-0.04,0.06,-1.02,-0.03,0.08,-1.29,-0.03,0.06,-1.42,-0.04,0.00,-1.33,-0.06,-0.07,-1.02,-0.06,-0.12,-0.54,-0.05,-0.09,0.02,-0.03,-0.01,0.56,-0.02,0.11,0.99,-0.02,0.21,1.28,-0.01,0.27,1.39,0.01,0.30,1.36,0.03,0.34,1.25,0.05,0.39,1.13,0.05,0.44,1.05,0.03,0.47,0.99,0.01,0.46,0.89,-0.01,0.42,0.68,-0.00,0.36,0.35,0.02,0.29,-0.03,0.04,0.21,-0.36,0.06,0.12,-0.59,0.08,0.02,-0.73,0.10,-0.09,-0.83,0.13,-0.18,-0.92,0.15,-0.27,-0.99,0.16,-0.35,-0.98,0.14,-0.41,-0.89,0.11,-0.44,-0.74,0.10,-0.45,-0.58,0.11,-0.45,-0.46,0.14,-0.47,-0.36,0.16,-0.52,-0.26,0.14,-0.57,-0.12,0.06,-0.58,0.05,-0.05,-0.53,0.24,-0.15,-0.43,0.43,-0.20,-0.33,0.57,-0.20,-0.24,0.60,-0.19,-0.15,0.50,-0.20,-0.05,0.24,-0.24,0.09,-0.09,-0.30,0.24,-0.35,-0.31,0.39,-0.41,-0.27,0.50,-0.22,-0.18,0.56,0.13,-0.08,0.59,0.51,-0.01,0.61,0.78,0.04,0.63,0.90,0.07,0.61,0.92,0.10,0.56,0.90,0.13,0.47,0.88,0.15,0.36,0.84,0.16,0.26,0.74,0.14,0.19,0.57,0.11,0.11,0.36,0.07,0.04,0.15,0.03,-0.05,-0.05,0.00,-0.15,-0.22,-0.02,-0.22,-0.39,-0.02,-0.28,-0.57,-0.01,-0.31,-0.74,0.01,-0.33,-0.88,0.02,-0.33,-0.96,0.03,-0.32,-0.98,0.03,-0.28,-0.95,0.02,-0.23,-0.90,0.01,-0.18,-0.84,-0.01,-0.13,-0.79,-0.04,-0.10,-0.76,-0.08,-0.08,-0.76,-0.09,-0.07,-0.79,-0.07,-0.10,-0.83,-0.01,-0.14,-0.83,0.05,-0.20,-0.75,0.10,-0.25,-0.56,0.13,-0.27,-0.28,0.15,-0.25,0.08,0.16,-0.19,0.46,0.17,-0.10,0.81,0.16,-0.01,1.10,0.13,0.07,1.32,0.08,0.15,1.47,0.03,0.22,1.53
-0.11,0.01,-0.02,-0.14,0.12,-0.18,-0.12,0.19,-0.28,-0.09,0.20,-0.29,-0.09,0.14,-0.24,-0.13,0.07,-0.16,-0.16,0.04,-0.12,-0.17,0.08,-0.15,-0.15,0.13,-0.22,-0.12,0.15,-0.31,-0.10,0.14,-0.38,-0.10,0.13,-0.44,-0.08,0.14,-0.53,-0.05,0.20,-0.65,0.00,0.26,-0.72,0.06,0.28,-0.67,0.11,0.27,-0.43,0.16,0.23,-0.03,0.19,0.20,0.40,0.21,0.19,0.72,0.21,0.17,0.84,0.17,0.12,0.79,0.11,0.02,0.65,0.04,-0.09,0.51,-0.02,-0.18,0.38,-0.04,-0.24,0.25,-0.04,-0.27,0.10,-0.03,-0.30,-0.07,-0.02,-0.33,-0.23,-0.01,-0.35,-0.33,0.01,-0.36,-0.39,0.02,-0.34,-0.44,0.03,-0.30,-0.49,0.02,-0.24,-0.53,0.00,-0.17,-0.53,-0.01,-0.11,-0.49,-0.01,-0.07,-0.43,0.01,-0.04,-0.39,0.03,-0.02,-0.43,0.01,0.03,-0.57,-0.05,0.13,-0.77,-0.12,0.24,-0.95,-0.17,0.25,-1.00,-0.17,0.11,-0.84,-0.11,-0.16,-0.47,-0.01,-0.41,0.06,0.08,-0.50,0.62,0.14,-0.37,1.09,0.15,-0.11,1.40,0.13,0.11,1.54,0.11,0.22,1.58,0.10,0.22,1.58,0.09,0.23,1.55,0.08,0.31,1.47,0.07,0.45,1.32,0.05,0.56,1.07,0.02,0.56,0.77,0.00,0.47,0.47,-0.02,0.37,0.19,-0.05,0.32,-0.07,-0.06,0.29,-0.30,-0.06,0.24,-0.50,-0.04,0.13,-0.67,-0.04,-0.01,-0.80,-0.09,-0.13,-0.89,-0.18,-0.19,-0.95,-0.26,-0.23,-0.98,-0.26,-0.27,-0.96,-0.15,-0.34,-0.87,0.02,-0.40,-0.72,0.15,-0.42,-0.55,0.18,-0.37,-0.42,0.11,-0.31,-0.37,0.00,-0.31,-0.41,-0.06,-0.37,-0.47,-0.06,-0.44,-0.51,-0.04,-0.43,-0.50,-0.05,-0.31,-0.44,-0.10,-0.13,-0.36,-0.16,0.04,-0.25,-0.17,0.15,-0.08,-0.11,0.21,0.15,-0.01,0.28,0.44,0.10,0.38,0.72,0.17,0.47,0.95,0.20,0.49,1.08,0.20,0.43,1.11,0.17,0.31,1.07,0.13,0.21,0.99,0.09,0.16,0.86,0.07,0.14,0.69,0.09,0.09,0.48,0.14,0.00,0.24,0.17,-0.11,-0.00,0.13,-0.19,-0.22,0.02,-0.21,-0.40,-0.11,-0.19,-0.53,-0.19,-0.16,-0.61,-0.19,-0.14,-0.65,-0.13,-0.13,-0.63,-0.06,-0.09,-0.58,-0.03,-0.02,-0.50,-0.03,0.06,-0.45,-0.04,0.12,-0.45,-0.04,0.12,-0.55,-0.06,0.06,-0.76,-0.14,-0.02,-1.02,-0.24,-0.10,-1.25,-0.33,-0.16,-1.31,-0.30,-0.21,-1.12,-0.15,-0.24,-0.68,0.09,-0.24,-0.09,0.31,-0.21,0.49,0.44,-0.14,0.95,0.45,-0.05,1.25,0.40,0.05,1.43,0.34,0.13,1.54,0.30,0.20,1.60,0.26,0.25,1.59,0.19,0.29,1.47,0.09,0.31,1.23,-0.02,0.31,0.92,-0.10,0.28,0.60,-0.15,0.24,0.33,-0.18,0.17,0.12,-0.22,0.09,-0.07,-0.26,0.02,-0.26,-0.30,-0.02,-0.46,-0.31,-0.01,-0.63,-0.28,0.02,-0.73,-0.24,0.02,-0.74,-0.20,-0.06,-0.67,-0.17,-0.21,-0.58,-0.14,-0.37,-0.51,-0.11,-0.46,-0.47,-0.08,-0.45,-0.44,-0.05,-0.39,-0.40,-0.03,-0.33,-0.32,-0.01,-0.32,-0.22,0.03,-0.33,-0.10,0.08,-0.29,-0.02,0.13,-0.19,0.02,0.17,-0.04,0.03,0.18,0.07,0.03,0.18,0.13,0.05,0.17,0.13,0.11,0.17,0.13,0.17,0.18,0.18,0.20,0.20,0.27,0.15,0.20,0.33,0.06,0.19,0.35,-0.04,0.15,0.32,-0.10,0.09,0.29,-0.12,0.02,0.28,-0.10,-0.04,0.29,-0.10,-0.08,0.31,-0.13,-0.09,0.30,-0.16,-0.09,0.25,-0.18,-0.09,0.19,-0.17,-0.09,0.13,-0.13,-0.10,0.10,-0.10,-0.11,0.07,-0.09,-0.11,0.06,-0.10,-0.10,0.03,-0.11,-0.09,0.00,-0.10,-0.07,-0.05,-0.08,-0.06,-0.11,-0.06,-0.05,-0.17,-0.05,-0.04,-0.21,-0.04,-0.02,-0.24,-0.05,-0.00,-0.23,-0.07,0.02,-0.23,-0.09,0.05,-0.23,-0.08,0.06,-0.24,-0.01,0.05,-0.26,0.13,0.03,-0.27,0.29,0.02,-0.27,0.40,0.04,-0.26,0.42,0.10,-0.26,0.37,0.16,-0.25,0.32
0.14,-0.14,0.11,0.10,-0.15,0.15,0.04,-0.19,0.20,-0.01,-0.27,0.27,-0.05,-0.36,0.35,-0.05,-0.40,0.38,-0.04,-0.35,0.28,-0.04,-0.21,0.01,-0.07,-0.02,-0.37,-0.12,0.13,-0.71,-0.16,0.19,-0.85,-0.13,0.18,-0.70,-0.03,0.14,-0.35,0.09,0.12,0.02,0.16,0.14,0.27,0.15,0.18,0.38,0.06,0.20,0.45,-0.03,0.19,0.58,-0.06,0.15,0.80,-0.02,0.10,1.03,0.04,0.08,1.16,0.09,0.05,1.13,0.10,0.02,1.01,0.09,-0.04,0.87,0.09,-0.10,0.78,0.10,-0.15,0.70,0.10,-0.18,0.57,0.07,-0.19,0.37,0.02,-0.19,0.12,-0.04,-0.19,-0.12,-0.08,-0.17,-0.30,-0.08,-0.12,-0.43,-0.08,-0.06,-0.53,-0.09,0.01,-0.62,-0.11,0.05,-0.68,-0.13,0.06,-0.68,-0.11,0.06,-0.65,-0.04,0.07,-0.65,0.05,0.10,-0.76,0.10,0.13,-1.01,0.10,0.11,-1.33,0.03,0.06,-1.58,-0.07,0.01,-1.62,-0.17,0.00,-1.39,-0.24,0.04,-0.93,-0.26,0.11,-0.42,-0.23,0.15,0.02,-0.18,0.15,0.33,-0.12,0.15,0.54,-0.07,0.17,0.75,-0.02,0.24,0.98,0.03,0.32,1.18,0.09,0.38,1.27,0.14,0.37,1.21,0.16,0.31,1.05,0.15,0.25,0.89,0.11,0.20,0.77,0.08,0.19,0.66,0.08,0.17,0.50,0.11,0.12,0.24,0.14,0.04,-0.09,0.15,-0.07,-0.37,0.13,-0.18,-0.54,0.10,-0.26,-0.59,0.08,-0.33,-0.59,0.08,-0.39,-0.62,0.10,-0.45,-0.69,0.12,-0.49,-0.76,0.10,-0.52,-0.74,0.06,-0.56,-0.59,0.01,-0.61,-0.35,-0.03,-0.68,-0.09,-0.05,-0.73,0.12,-0.07,-0.72,0.23,-0.08,-0.62,0.26,-0.09,-0.42,0.21,-0.10,-0.17,0.09,-0.11,0.06,-0.08,-0.11,0.23,-0.27,-0.11,0.31,-0.38,-0.11,0.33,-0.35,-0.10,0.33,-0.16,-0.07,0.34,0.14,-0.05,0.37,0.49,-0.05,0.42,0.83,-0.06,0.45,1.11,-0.07,0.46,1.32,-0.07,0.45,1.44,-0.04,0.43,1.45,0.01,0.41,1.35,0.05,0.38,1.15,0.05,0.35,0.90,0.03,0.30,0.64,0.01,0.24,0.38,0.00,0.17,0.10,0.02,0.08,-0.20,0.04,-0.02,-0.49,0.06,-0.10,-0.74,0.07,-0.14,-0.91,0.07,-0.11,-1.03,0.07,-0.04,-1.11,0.08,0.05,-1.21,0.09,0.10,-1.31,0.09,0.09,-1.41,0.09,0.02,-1.49,0.07,-0.06,-1.52,0.04,-0.14,-1.52,-0.01,-0.21,-1.47,-0.06,-0.26,-1.33,-0.10,-0.31,-1.08,-0.12,-0.32,-0.71,-0.09,-0.30,-0.25,-0.05,-0.24,0.22,-0.02,-0.17,0.62,-0.03,-0.11,0.91,-0.05,-0.07,1.12,-0.08,-0.04,1.27,-0.08,-0.00,1.38,-0.04,0.05,1.42,0.01,0.10,1.37,0.06,0.13,1.21,0.07,0.13,0.98,0.04,0.12,0.74,-0.01,0.08,0.51,-0.06,0.05,0.31,-0.09,0.03,0.11,-0.09,-0.00,-0.08,-0.03,-0.04,-0.25,0.05,-0.08,-0.35,0.11,-0.12,-0.38,0.13,-0.14,-0.35,0.10,-0.16,-0.28,0.05,-0.16,-0.21,0.02,-0.16,-0.14,0.02,-0.15,-0.07,0.04,-0.13,0.01,0.06,-0.11,0.09,0.06,-0.10,0.15,0.03,-0.11,0.18,-0.01,-0.13,0.19,-0.03,-0.14,0.19,-0.03,-0.12,0.20,-0.02,-0.08,0.23,-0.02,-0.02,0.25,-0.02,0.03,0.25,-0.02,0.08,0.22,-0.02,0.12,0.17,-0.01,0.18,0.11,0.01,0.26,0.06,0.01,0.32,0.00,0.00,0.35,-0.06,-0.02,0.33,-0.13,-0.04,0.30,-0.20,-0.07,0.28,-0.26,-0.08,0.28,-0.30,-0.07,0.29,-0.35,-0.04,0.27,-0.42,-0.00,0.23,-0.49,0.02,0.18,-0.54,0.03,0.14,-0.54,0.02,0.11,-0.47,0.00,0.09,-0.37,0.01,0.05,-0.29,0.02,-0.01,-0.28,0.03,-0.08,-0.30,0.02,-0.14,-0.33,-0.01,-0.17,-0.33,-0.04,-0.16,-0.28,-0.05,-0.11,-0.21,-0.04,-0.06,-0.17,-0.02,-0.04,-0.14,-0.01,-0.08,-0.11,-0.01,-0.18,-0.05,-0.02,-0.29,0.04,-0.01,-0.36,0.13,0.02,-0.36,0.19,0.06,-0.30,0.21,0.09,-0.24,0.22,0.10,-0.22,0.25,0.09,-0.23,0.29
0.10,-0.19,0.15,0.02,-0.23,0.19,-0.07,-0.24,0.20,-0.13,-0.22,0.15,-0.15,-0.18,0.07,-0.14,-0.14,0.00,-0.13,-0.09,-0.02,-0.13,-0.05,-0.01,-0.15,0.01,-0.03,-0.18,0.07,-0.11,-0.18,0.15,-0.24,-0.15,0.20,-0.34,-0.08,0.22,-0.35,0.01,0.21,-0.22,0.08,0.18,-0.01,0.13,0.15,0.21,0.13,0.13,0.41,0.11,0.11,0.58,0.09,0.08,0.74,0.09,0.04,0.90,0.14,-0.00,1.03,0.21,-0.03,1.10,0.27,-0.05,1.07,0.30,-0.06,0.94,0.28,-0.08,0.77,0.22,-0.11,0.56,0.14,-0.15,0.35,0.06,-0.18,0.13,-0.01,-0.19,-0.08,-0.06,-0.18,-0.27,-0.12,-0.16,-0.43,-0.16,-0.12,-0.57,-0.20,-0.08,-0.69,-0.22,-0.02,-0.79,-0.22,0.05,-0.84,-0.21,0.10,-0.84,-0.19,0.13,-0.79,-0.16,0.13,-0.73,-0.12,0.13,-0.73,-0.08,0.13,-0.83,-0.05,0.12,-1.01,-0.03,0.10,-1.18,-0.04,0.06,-1.24,-0.07,0.01,-1.13,-0.13,-0.02,-0.84,-0.19,-0.03,-0.45,-0.24,-0.01,-0.06,-0.23,0.02,0.28,-0.15,0.06,0.54,-0.02,0.09,0.75,0.11,0.14,0.94,0.23,0.19,1.12,0.29,0.24,1.24,0.33,0.27,1.28,0.35,0.26,1.24,0.37,0.24,1.14,0.38,0.21,1.01,0.36,0.20,0.88,0.31,0.21,0.74,0.23,0.19,0.57,0.16,0.14,0.35,0.09,0.06,0.10,0.03,-0.04,-0.18,-0.04,-0.12,-0.45,-0.11,-0.18,-0.70,-0.17,-0.22,-0.90,-0.19,-0.26,-1.02,-0.17,-0.30,-1.06,-0.15,-0.37,-1.02,-0.14,-0.47,-0.90,-0.15,-0.57,-0.72,-0.16,-0.65,-0.52,-0.16,-0.67,-0.35,-0.14,-0.62,-0.25,-0.14,-0.52,-0.21,-0.16,-0.44,-0.18,-0.20,-0.38,-0.11,-0.23,-0.34,0.03,-0.23,-0.25,0.17,-0.17,-0.09,0.24,-0.11,0.11,0.18,-0.06,0.29,0.06,-0.05,0.39,0.00,-0.04,0.41,0.12,-0.00,0.41,0.41,0.07,0.46,0.75,0.16,0.56,1.02,0.22,0.65,1.14,0.23,0.67,1.16,0.20,0.61,1.15,0.18,0.52,1.12,0.17,0.45,1.06,0.18,0.41,0.89,0.20,0.37,0.64,0.20,0.29,0.35,0.19,0.16,0.12,0.16,0.02,-0.05,0.12,-0.09,-0.19,0.07,-0.13,-0.36,0.01,-0.13,-0.57,-0.07,-0.14,-0.79,-0.12,-0.18,-0.95,-0.15,-0.23,-1.03,-0.13,-0.25,-1.04,-0.09,-0.24,-1.04,-0.04,-0.21,-1.07,-0.03,-0.19,-1.13,-0.08,-0.20,-1.21,-0.15,-0.22,-1.29,-0.22,-0.24,-1.35,-0.22,-0.24,-1.36,-0.17,-0.24,-1.27,-0.10,-0.25,-1.01,-0.04,-0.27,-0.61,-0.03,-0.27,-0.11,-0.05,-0.24,0.36,-0.05,-0.16,0.73,-0.01,-0.07,0.96,0.06,0.02,1.10,0.13,0.08,1.21,0.17,0.12,1.30,0.17,0.15,1.34,0.14,0.19,1.31,0.12,0.24,1.20,0.13,0.27,1.03,0.14,0.27,0.87,0.14,0.23,0.73,0.12,0.18,0.60,0.08,0.13,0.45,0.04,0.09,0.27,0.01,0.07,0.08,-0.02,0.06,-0.08,-0.05,0.03,-0.19,-0.08,-0.01,-0.26,-0.10,-0.07,-0.32,-0.12,-0.12,-0.36,-0.13,-0.16,-0.39,-0.13,-0.18,-0.38,-0.11,-0.19,-0.34,-0.07,-0.19,-0.29,-0.02,-0.18,-0.25,0.01,-0.17,-0.22,0.00,-0.14,-0.19,-0.05,-0.12,-0.15,-0.10,-0.10,-0.08,-0.13,-0.07,-0.00,-0.11,-0.05,0.05,-0.04,-0.02,0.07,0.01,0.01,0.06,0.03,0.06,0.04,0.01,0.09,0.04,-0.02,0.11,0.06,-0.03,0.12,0.08,-0.00,0.11,0.07,0.04,0.12,0.00,0.08,0.14,-0.12,0.08,0.18,-0.27,0.07,0.22,-0.38,0.05,0.25,-0.39,0.04,0.25,-0.30,0.06,0.23,-0.17,0.09,0.20,-0.08,0.11,0.17,-0.08,0.11,0.15,-0.15,0.08,0.14,-0.23,0.04,0.12,-0.26,0.01,0.09,-0.23,-0.00,0.05,-0.18,0.00,0.01,-0.17,0.02,-0.04,-0.18,0.03,-0.08,-0.21,0.03,-0.12,-0.19,0.02,-0.14,-0.13,0.00,-0.15,-0.06,-0.01,-0.16,-0.02,-0.02,-0.16,-0.01,-0.03,-0.17,-0.02,-0.03,-0.19,0.01,-0.02,-0.21,0.08,-0.01,-0.22,0.18
0.18,-0.12,0.25,0.14,-0.20,0.29,0.07,-0.24,0.26,-0.03,-0.24,0.18,-0.12,-0.23,0.06,-0.17,-0.22,-0.06,-0.19,-0.22,-0.16,-0.18,-0.17,-0.23,-0.16,-0.06,-0.26,-0.16,0.10,-0.25,-0.17,0.22,-0.21,-0.18,0.23,-0.17,-0.15,0.14,-0.17,-0.10,0.02,-0.23,-0.03,-0.03,-0.32,0.01,0.02,-0.35,0.03,0.12,-0.23,0.02,0.18,0.09,0.02,0.16,0.54,0.05,0.08,0.99,0.12,0.02,1.30,0.21,0.00,1.42,0.28,0.01,1.39,0.31,-0.02,1.28,0.30,-0.10,1.15,0.26,-0.21,0.99,0.19,-0.28,0.79,0.12,-0.27,0.53,0.05,-0.21,0.25,0.00,-0.15,-0.01,-0.04,-0.12,-0.23,-0.08,-0.12,-0.40,-0.12,-0.11,-0.55,-0.17,-0.05,-0.67,-0.21,0.04,-0.74,-0.22,0.13,-0.75,-0.21,0.18,-0.74,-0.19,0.21,-0.80,-0.18,0.22,-1.00,-0.19,0.21,-1.32,-0.21,0.18,-1.64,-0.21,0.12,-1.78,-0.18,0.04,-1.62,-0.15,-0.02,-1.18,-0.12,-0.05,-0.60,-0.11,-0.02,-0.05,-0.09,0.03,0.36,-0.05,0.07,0.62,0.02,0.10,0.80,0.09,0.12,0.97,0.14,0.14,1.12,0.16,0.16,1.22,0.17,0.19,1.23,0.21,0.22,1.13,0.27,0.24,0.97,0.33,0.26,0.82,0.35,0.27,0.68,0.32,0.25,0.54,0.25,0.20,0.36,0.18,0.13,0.13,0.14,0.05,-0.11,0.11,-0.00,-0.33,0.09,-0.04,-0.50,0.04,-0.09,-0.61,-0.00,-0.15,-0.70,-0.03,-0.21,-0.76,-0.04,-0.26,-0.80,-0.05,-0.30,-0.81,-0.06,-0.35,-0.76,-0.10,-0.42,-0.66,-0.13,-0.50,-0.52,-0.14,-0.57,-0.37,-0.13,-0.59,-0.25,-0.12,-0.57,-0.16,-0.15,-0.52,-0.10,-0.22,-0.47,-0.03,-0.31,-0.42,0.03,-0.37,-0.33,0.08,-0.40,-0.18,0.09,-0.37,0.02,0.08,-0.28,0.20,0.08,-0.16,0.32,0.15,-0.01,0.36,0.35,0.14,0.37,0.65,0.25,0.39,0.99,0.31,0.45,1.26,0.31,0.53,1.39,0.28,0.57,1.37,0.25,0.54,1.24,0.23,0.46,1.07,0.22,0.37,0.90,0.20,0.29,0.72,0.17,0.23,0.51,0.12,0.17,0.26,0.06,0.08,-0.02,0.00,-0.02,-0.32,-0.04,-0.09,-0.58,-0.08,-0.13,-0.79,-0.11,-0.11,-0.92,-0.13,-0.06,-0.95,-0.14,-0.02,-0.90,-0.13,-0.01,-0.82,-0.13,-0.04,-0.79,-0.14,-0.09,-0.87,-0.16,-0.13,-1.08,-0.19,-0.15,-1.36,-0.21,-0.13,-1.62,-0.20,-0.12,-1.75,-0.16,-0.13,-1.64,-0.09,-0.18,-1.30,-0.01,-0.24,-0.77,0.07,-0.26,-0.17,0.14,-0.22,0.39,0.19,-0.13,0.83,0.22,-0.02,1.13,0.22,0.07,1.31,0.20,0.15,1.41,0.16,0.20,1.44,0.13,0.23,1.36,0.09,0.24,1.17,0.07,0.22,0.89,0.06,0.18,0.60,0.07,0.13,0.38,0.09,0.07,0.26,0.10,0.02,0.19,0.08,-0.03,0.09,0.03,-0.08,-0.08,-0.02,-0.13,-0.26,-0.06,-0.16,-0.38,-0.07,-0.19,-0.37,-0.06,-0.21,-0.28,-0.05,-0.23,-0.19,-0.06,-0.27,-0.16,-0.09,-0.30,-0.19,-0.12,-0.30,-0.20,-0.13,-0.26,-0.14,-0.10,-0.21,-0.02,-0.01,-0.15,0.11,0.07,-0.11,0.18,0.11,-0.09,0.19,0.06,-0.06,0.18,-0.06,-0.02,0.19,-0.18,0.02,0.23,-0.24,0.06,0.26,-0.20,0.09,0.24,-0.11,0.11,0.17,-0.03,0.14,0.10,0.00,0.19,0.07,-0.02,0.23,0.09,-0.04,0.27,0.10,-0.04,0.28,0.06,0.00,0.28,-0.02,0.04,0.27,-0.11,0.06,0.27,-0.18,0.05,0.27,-0.21,0.03,0.25,-0.21,0.03,0.23,-0.23,0.05,0.20,-0.28,0.07,0.18,-0.33,0.08,0.16,-0.37,0.07,0.14,-0.37,0.04,0.10,-0.35,0.02,0.06,-0.33,0.01,0.01,-0.32,0.01,-0.02,-0.33,0.01,-0.04,-0.33,0.02,-0.06,-0.31,0.02,-0.09,-0.28,0.01,-0.12,-0.25,0.01,-0.15,-0.21,0.01,-0.17,-0.17,0.01,-0.17,-0.10,0.03,-0.18,-0.03,0.04,-0.19,0.03,0.03,-0.22,0.06,0.01,-0.24,0.07,-0.00,-0.25,0.08,-0.01,-0.24,0.12,0.02,-0.23,0.18,0.05,-0.21,0.24
0.04,-0.10,0.37,0.08,-0.12,0.40,0.12,-0.14,0.44,0.14,-0.19,0.48,0.13,-0.24,0.52,0.08,-0.27,0.52,0.01,-0.24,0.41,-0.10,-0.11,0.18,-0.22,0.08,-0.16,-0.33,0.29,-0.53,-0.40,0.41,-0.82,-0.41,0.41,-0.99,-0.33,0.29,-1.00,-0.20,0.16,-0.88,-0.07,0.12,-0.66,0.03,0.19,-0.34,0.09,0.32,0.07,0.11,0.40,0.54,0.13,0.37,0.96,0.16,0.25,1.22,0.17,0.12,1.27,0.16,0.05,1.14,0.13,0.04,0.96,0.10,0.04,0.80,0.10,-0.01,0.69,0.13,-0.10,0.58,0.16,-0.19,0.41,0.17,-0.23,0.16,0.17,-0.23,-0.10,0.17,-0.21,-0.32,0.16,-0.22,-0.46,0.14,-0.24,-0.54,0.10,-0.25,-0.57,0.03,-0.19,-0.59,-0.05,-0.10,-0.61,-0.12,-0.01,-0.65,-0.15,0.01,-0.75,-0.17,-0.02,-0.95,-0.19,-0.07,-1.23,-0.23,-0.09,-1.50,-0.30,-0.08,-1.64,-0.37,-0.07,-1.60,-0.40,-0.07,-1.38,-0.38,-0.08,-1.03,-0.33,-0.08,-0.62,-0.25,-0.04,-0.21,-0.17,0.02,0.18,-0.10,0.08,0.55,-0.01,0.12,0.88,0.09,0.14,1.15,0.19,0.17,1.36,0.29,0.23,1.52,0.37,0.31,1.63,0.41,0.38,1.66,0.40,0.41,1.58,0.37,0.41,1.36,0.30,0.39,1.04,0.23,0.36,0.68,0.16,0.31,0.35,0.11,0.23,0.08,0.06,0.12,-0.16,0.02,0.01,-0.37,-0.02,-0.09,-0.57,-0.05,-0.17,-0.73,-0.09,-0.24,-0.83,-0.11,-0.32,-0.83,-0.11,-0.41,-0.77,-0.08,-0.51,-0.67,-0.04,-0.58,-0.55,-0.01,-0.62,-0.42,0.01,-0.64,-0.26,-0.01,-0.64,-0.06,-0.05,-0.63,0.13,-0.11,-0.58,0.24,-0.17,-0.48,0.19,-0.22,-0.34,-0.03,-0.25,-0.16,-0.35,-0.28,0.02,-0.66,-0.27,0.18,-0.82,-0.22,0.33,-0.74,-0.11,0.46,-0.44,0.04,0.59,0.03,0.18,0.67,0.54,0.26,0.71,0.95,0.24,0.68,1.20,0.14,0.60,1.28,0.02,0.50,1.25,-0.06,0.41,1.16,-0.06,0.32,1.05,0.01,0.23,0.93,0.09,0.12,0.76,0.16,0.02,0.54,0.21,-0.07,0.28,0.24,-0.14,0.01,0.25,-0.19,-0.24,0.23,-0.21,-0.45,0.17,-0.23,-0.64,0.07,-0.24,-0.80,-0.01,-0.24,-0.91,-0.07,-0.21,-0.95,-0.09,-0.16,-0.91,-0.10,-0.09,-0.82,-0.14,-0.03,-0.76,-0.21,0.02,-0.82,-0.29,0.02,-1.03,-0.35,-0.00,-1.36,-0.35,-0.05,-1.69,-0.33,-0.11,-1.87,-0.30,-0.17,-1.78,-0.28,-0.21,-1.40,-0.25,-0.23,-0.83,-0.18,-0.23,-0.19,-0.07,-0.19,0.38,0.06,-0.12,0.85,0.18,-0.03,1.22,0.28,0.05,1.53,0.36,0.13,1.77,0.41,0.19,1.91,0.45,0.24,1.92,0.46,0.29,1.81,0.44,0.33,1.60,0.38,0.34,1.34,0.30,0.33,1.07,0.20,0.29,0.80,0.10,0.23,0.52,0.01,0.17,0.24,-0.08,0.10,-0.02,-0.16,0.04,-0.24,-0.24,-0.04,-0.41,-0.30,-0.13,-0.54,-0.32,-0.21,-0.64,-0.32,-0.27,-0.70,-0.28,-0.32,-0.69,-0.23,-0.35,-0.62,-0.17,-0.37,-0.51,-0.13,-0.38,-0.40,-0.10,-0.39,-0.32,-0.08,-0.38,-0.26,-0.05,-0.35,-0.20,-0.01,-0.30,-0.12,0.04,-0.24,-0.03,0.09,-0.19,0.06,0.13,-0.13,0.11,0.14,-0.08,0.14,0.13,-0.03,0.15,0.13,0.03,0.15,0.12,0.10,0.14,0.13,0.17,0.13,0.12,0.24,0.09,0.11,0.29,0.05,0.09,0.33,-0.00,0.06,0.35,-0.05,0.03,0.37,-0.09,-0.01,0.38,-0.14,-0.05,0.39,-0.19,-0.07,0.38,-0.25,-0.09,0.35,-0.30,-0.09,0.32,-0.33,-0.09,0.29,-0.34,-0.10,0.26,-0.34,-0.10,0.23,-0.34,-0.11,0.19,-0.34,-0.12,0.14,-0.33,-0.11,0.10,-0.31,-0.10,0.07,-0.29,-0.08,0.05,-0.27,-0.06,0.02,-0.25,-0.05,-0.03,-0.22,-0.04,-0.11,-0.17,-0.02,-0.19,-0.10,-0.01,-0.25,-0.02,0.02,-0.27,0.05,0.04,-0.25,0.10,0.06,-0.25,0.13,0.08,-0.26,0.16,0.09,-0.29,0.17,0.10,-0.31,0.19,0.10,-0.30,0.22,0.10,-0.27,0.25,0.10,-0.24,0.30
0.17,-0.21,0.30,0.20,-0.27,0.34,0.21,-0.30,0.33,0.20,-0.32,0.29,0.17,-0.32,0.21,0.12,-0.31,0.12,0.04,-0.28,0.01,-0.10,-0.23,-0.11,-0.25,-0.15,-0.21,-0.38,-0.06,-0.28,-0.44,0.03,-0.28,-0.40,0.09,-0.21,-0.29,0.12,-0.10,-0.15,0.14,-0.01,-0.03,0.16,0.04,0.06,0.18,0.05,0.10,0.20,0.08,0.13,0.21,0.20,0.15,0.21,0.45,0.16,0.19,0.78,0.17,0.16,1.07,0.20,0.12,1.25,0.25,0.07,1.27,0.30,0.01,1.18,0.34,-0.06,1.04,0.35,-0.13,0.90,0.32,-0.19,0.74,0.25,-0.23,0.54,0.15,-0.25,0.29,0.04,-0.26,0.04,-0.05,-0.25,-0.19,-0.12,-0.23,-0.36,-0.18,-0.20,-0.48,-0.22,-0.14,-0.60,-0.25,-0.06,-0.73,-0.27,0.03,-0.84,-0.28,0.11,-0.93,-0.28,0.19,-1.00,-0.27,0.24,-1.10,-0.27,0.27,-1.27,-0.28,0.26,-1.50,-0.31,0.21,-1.69,-0.34,0.15,-1.72,-0.36,0.09,-1.50,-0.36,0.07,-1.05,-0.31,0.08,-0.50,-0.22,0.11,-0.01,-0.09,0.13,0.34,0.05,0.14,0.55,0.17,0.12,0.71,0.26,0.10,0.88,0.33,0.11,1.08,0.39,0.14,1.24,0.45,0.19,1.33,0.49,0.24,1.32,0.50,0.26,1.24,0.47,0.26,1.10,0.40,0.25,0.91,0.29,0.22,0.68,0.17,0.18,0.40,0.05,0.12,0.10,-0.05,0.04,-0.16,-0.11,-0.02,-0.35,-0.11,-0.08,-0.49,-0.08,-0.13,-0.59,-0.06,-0.19,-0.69,-0.07,-0.28,-0.78,-0.11,-0.38,-0.83,-0.13,-0.46,-0.82,-0.11,-0.52,-0.74,-0.06,-0.56,-0.61,-0.01,-0.59,-0.45,0.00,-0.63,-0.27,-0.03,-0.68,-0.05,-0.07,-0.72,0.19,-0.08,-0.70,0.39,-0.08,-0.59,0.47,-0.10,-0.41,0.38,-0.18,-0.19,0.15,-0.30,-0.02,-0.12,-0.38,0.09,-0.30,-0.35,0.16,-0.29,-0.19,0.22,-0.11,0.03,0.32,0.17,0.20,0.45,0.44,0.26,0.57,0.66,0.21,0.64,0.84,0.13,0.66,0.98,0.08,0.63,1.09,0.08,0.60,1.13,0.10,0.57,1.08,0.10,0.53,0.95,0.07,0.47,0.76,0.04,0.38,0.57,0.05,0.28,0.40,0.08,0.19,0.22,0.12,0.11,0.01,0.13,0.04,-0.21,0.10,-0.03,-0.44,0.05,-0.11,-0.63,-0.00,-0.17,-0.79,-0.04,-0.21,-0.91,-0.08,-0.21,-1.01,-0.12,-0.19,-1.07,-0.17,-0.16,-1.08,-0.19,-0.15,-1.05,-0.19,-0.14,-1.01,-0.16,-0.12,-1.03,-0.12,-0.10,-1.13,-0.10,-0.08,-1.29,-0.11,-0.08,-1.44,-0.12,-0.12,-1.50,-0.12,-0.18,-1.41,-0.11,-0.25,-1.18,-0.08,-0.30,-0.81,-0.05,-0.30,-0.36,-0.03,-0.27,0.17,-0.00,-0.21,0.71,0.05,-0.16,1.20,0.13,-0.11,1.59,0.22,-0.06,1.81,0.29,0.00,1.89,0.33,0.08,1.85,0.35,0.16,1.75,0.35,0.22,1.63,0.34,0.26,1.48,0.33,0.27,1.30,0.29,0.25,1.06,0.23,0.23,0.77,0.15,0.19,0.46,0.05,0.15,0.18,-0.05,0.09,-0.05,-0.14,0.02,-0.23,-0.21,-0.03,-0.40,-0.26,-0.07,-0.58,-0.28,-0.08,-0.74,-0.28,-0.10,-0.86,-0.26,-0.13,-0.87,-0.25,-0.19,-0.79,-0.26,-0.25,-0.66,-0.27,-0.29,-0.54,-0.26,-0.29,-0.47,-0.22,-0.25,-0.43,-0.14,-0.21,-0.37,-0.06,-0.18,-0.27,0.01,-0.16,-0.13,0.05,-0.13,-0.00,0.06,-0.07,0.06,0.04,-0.01,0.08,0.01,0.04,0.09,-0.02,0.07,0.11,-0.02,0.08,0.15,0.01,0.10,0.18,0.08,0.13,0.18,0.16,0.18,0.14,0.20,0.24,0.09,0.18,0.29,0.04,0.13,0.31,0.02,0.07,0.31,0.00,0.04,0.30,-0.03,0.06,0.29,-0.07,0.08,0.26,-0.11,0.08,0.23,-0.15,0.05,0.21,-0.17,0.02,0.19,-0.18,0.01,0.19,-0.21,0.03,0.18,-0.24,0.06,0.15,-0.26,0.06,0.09,-0.26,0.02,0.00,-0.24,-0.03,-0.07,-0.20,-0.06,-0.12,-0.15,-0.06,-0.12,-0.11,-0.03,-0.11,-0.08,-0.01,-0.10,-0.07,-0.02,-0.12,-0.07,-0.04,-0.15,-0.07,-0.05,-0.19,-0.05,-0.05,-0.21,-0.01,-0.03,-0.21,0.05
0.07,-0.03,0.20,0.07,-0.02,0.13,0.07,-0.01,0.06,0.07,-0.00,0.00,0.04,-0.02,-0.05,-0.01,-0.05,-0.10,-0.08,-0.08,-0.15,-0.15,-0.09,-0.20,-0.20,-0.07,-0.24,-0.21,-0.02,-0.27,-0.22,0.06,-0.32,-0.22,0.15,-0.38,-0.25,0.24,-0.48,-0.27,0.32,-0.59,-0.26,0.38,-0.65,-0.21,0.41,-0.61,-0.11,0.41,-0.42,0.00,0.39,-0.11,0.09,0.37,0.27,0.14,0.34,0.61,0.17,0.30,0.83,0.21,0.24,0.91,0.27,0.14,0.87,0.32,0.03,0.76,0.34,-0.09,0.64,0.32,-0.20,0.51,0.28,-0.29,0.37,0.23,-0.36,0.21,0.18,-0.41,0.03,0.13,-0.40,-0.15,0.07,-0.34,-0.31,-0.00,-0.23,-0.43,-0.05,-0.14,-0.54,-0.08,-0.14,-0.64,-0.08,-0.23,-0.71,-0.09,-0.35,-0.73,-0.13,-0.41,-0.70,-0.18,-0.34,-0.65,-0.23,-0.17,-0.66,-0.23,0.01,-0.79,-0.20,0.10,-1.02,-0.16,0.08,-1.26,-0.13,-0.02,-1.37,-0.11,-0.11,-1.23,-0.11,-0.13,-0.83,-0.09,-0.09,-0.29,-0.08,-0.01,0.26,-0.06,0.06,0.69,-0.05,0.11,0.98,-0.04,0.15,1.19,-0.01,0.19,1.36,0.04,0.26,1.49,0.09,0.33,1.56,0.13,0.41,1.52,0.15,0.46,1.39,0.13,0.49,1.22,0.12,0.50,1.05,0.12,0.47,0.90,0.14,0.43,0.74,0.16,0.36,0.55,0.16,0.27,0.32,0.15,0.17,0.08,0.13,0.07,-0.12,0.09,-0.02,-0.29,0.05,-0.10,-0.45,0.02,-0.19,-0.62,-0.01,-0.27,-0.79,-0.03,-0.34,-0.93,-0.05,-0.40,-1.02,-0.06,-0.45,-1.03,-0.07,-0.49,-0.97,-0.08,-0.53,-0.85,-0.09,-0.57,-0.70,-0.09,-0.60,-0.52,-0.09,-0.60,-0.35,-0.08,-0.58,-0.21,-0.07,-0.53,-0.13,-0.08,-0.45,-0.11,-0.11,-0.33,-0.14,-0.15,-0.19,-0.21,-0.19,-0.04,-0.29,-0.20,0.08,-0.37,-0.17,0.19,-0.39,-0.10,0.28,-0.29,-0.02,0.40,-0.03,0.04,0.53,0.35,0.07,0.65,0.79,0.10,0.71,1.15,0.12,0.68,1.35,0.15,0.57,1.36,0.18,0.45,1.23,0.19,0.36,1.04,0.21,0.31,0.85,0.22,0.27,0.64,0.21,0.20,0.42,0.17,0.11,0.16,0.08,0.01,-0.11,-0.04,-0.06,-0.37,-0.13,-0.09,-0.59,-0.16,-0.11,-0.75,-0.14,-0.13,-0.85,-0.10,-0.16,-0.91,-0.08,-0.17,-0.90,-0.09,-0.15,-0.83,-0.09,-0.10,-0.71,-0.07,-0.05,-0.58,-0.01,-0.03,-0.50,0.05,-0.04,-0.52,0.06,-0.05,-0.66,0.00,-0.07,-0.90,-0.09,-0.10,-1.14,-0.16,-0.15,-1.27,-0.17,-0.22,-1.18,-0.13,-0.28,-0.83,-0.05,-0.31,-0.30,0.02,-0.29,0.29,0.07,-0.24,0.78,0.09,-0.18,1.10,0.09,-0.15,1.28,0.10,-0.12,1.39,0.10,-0.07,1.48,0.11,-0.00,1.57,0.13,0.08,1.60,0.14,0.14,1.54,0.14,0.17,1.40,0.12,0.18,1.23,0.09,0.17,1.08,0.07,0.17,0.93,0.08,0.17,0.74,0.10,0.16,0.45,0.10,0.15,0.07,0.03,0.13,-0.33,-0.10,0.10,-0.66,-0.26,0.06,-0.88,-0.38,0.01,-0.99,-0.40,-0.05,-1.06,-0.30,-0.12,-1.09,-0.14,-0.18,-1.10,-0.00,-0.23,-1.05,0.05,-0.25,-0.94,0.03,-0.23,-0.77,-0.02,-0.21,-0.62,-0.03,-0.17,-0.49,0.01,-0.15,-0.39,0.06,-0.13,-0.30,0.08,-0.11,-0.19,0.07,-0.09,-0.08,0.04,-0.05,0.02,0.04,-0.01,0.10,0.05,0.05,0.15,0.07,0.11,0.20,0.07,0.16,0.26,0.05,0.19,0.30,0.02,0.22,0.32,0.01,0.23,0.29,0.02,0.25,0.24,0.04,0.27,0.19,0.04,0.28,0.16,0.02,0.30,0.14,0.00,0.30,0.12,-0.01,0.28,0.08,-0.00,0.25,0.03,0.01,0.22,-0.02,0.02,0.20,-0.06,0.02,0.19,-0.08,0.01,0.18,-0.10,0.01,0.15,-0.12,0.00,0.10,-0.14,-0.01,0.03,-0.14,-0.03,-0.05,-0.13,-0.04,-0.11,-0.10,-0.05,-0.15,-0.07,-0.05,-0.17,-0.05,-0.05,-0.18,-0.04,-0.05,-0.21,-0.03,-0.05,-0.24,-0.02,-0.05,-0.27,-0.01,-0.02,-0.29,0.01,0.01,-0.30,0.03,0.05,-0.30,0.06
-0.01,-0.33,-0.50,0.01,-0.37,-0.55,0.01,-0.35,-0.55,-0.01,-0.28,-0.53,-0.04,-0.20,-0.53,-0.06,-0.16,-0.55,-0.07,-0.17,-0.59,-0.06,-0.24,-0.64,-0.06,-0.30,-0.67,-0.06,-0.31,-0.66,-0.08,-0.27,-0.61,-0.08,-0.20,-0.51,-0.08,-0.13,-0.39,-0.07,-0.11,-0.29,-0.06,-0.11,-0.25,-0.05,-0.12,-0.25,-0.05,-0.12,-0.25,-0.05,-0.09,-0.22,-0.03,-0.06,-0.15,-0.02,-0.03,-0.07,-0.00,-0.01,-0.01,0.00,0.01,0.01,0.00,0.03,0.02,0.01,0.05,0.06,0.03,0.07,0.13,0.04,0.09,0.22,0.06,0.11,0.28,0.06,0.13,0.30,0.05,0.15,0.30,0.04,0.17,0.31,0.04,0.19,0.35,0.05,0.20,0.40,0.07,0.21,0.43,0.08,0.23,0.44,0.08,0.24,0.43,0.08,0.25,0.42,0.07,0.25,0.43,0.07,0.24,0.44,0.07,0.23,0.45,0.05,0.22,0.43,0.04,0.21,0.40,0.01,0.20,0.38,-0.00,0.19,0.35,-0.01,0.17,0.33,-0.00,0.15,0.30,0.01,0.12,0.26,0.01,0.09,0.22,0.02,0.06,0.20,0.02,0.03,0.18,0.01,0.01,0.16,-0.01,-0.01,0.12,-0.03,-0.03,0.04,-0.03,-0.05,-0.04,-0.02,-0.07,-0.10,-0.01,-0.10,-0.15,0.00,-0.13,-0.19,-0.01,-0.16,-0.23,-0.04,-0.18,-0.28,-0.06,-0.19,-0.33,-0.07,-0.20,-0.36,-0.07,-0.20,-0.36,-0.08,-0.20,-0.36,-0.10,-0.21,-0.35,-0.11,-0.22,-0.36,-0.10,-0.22,-0.37,-0.06,-0.21,-0.38,-0.01,-0.19,-0.39,0.01,-0.15,-0.39,-0.00,-0.13,-0.39,-0.03,-0.13,-0.39,-0.03,-0.17,-0.39,0.02,-0.21,-0.36,0.07,-0.21,-0.32,0.08,-0.16,-0.27,0.05,-0.10,-0.22,-0.00,-0.05,-0.20,-0.04,-0.04,-0.19,-0.02,-0.05,-0.15,0.01,-0.05,-0.08,0.03,-0.03,0.03,0.01,0.02,0.11,-0.03,0.06,0.14,-0.05,0.08,0.10,-0.03,0.08,0.02,0.02,0.09,-0.00,0.06,0.11,0.05,0.06,0.15,0.15,0.03,0.17,0.25,-0.00,0.18,0.29,-0.01,0.16,0.27,0.02,0.15,0.23,0.07,0.15,0.24,0.11,0.17,0.28,0.10,0.18,0.34,0.04,0.18,0.37,-0.03,0.17,0.35,-0.07,0.16,0.31,-0.07,0.15,0.29,-0.02,0.16,0.31,0.02,0.15,0.34,0.04,0.14,0.34,0.03,0.13,0.31,0.00,0.11,0.25,-0.01,0.10,0.21,0.00,0.09,0.19,0.02,0.07,0.18,0.03,0.05,0.15,0.03,0.03,0.10,0.02,0.01,0.05,0.01,-0.00,0.02,0.01,-0.02,0.00,0.01,-0.03,-0.01,-0.00,-0.05,-0.05,-0.01,-0.07,-0.11,-0.01,-0.08,-0.15,0.00,-0.10,-0.14,0.02,-0.11,-0.10,0.03,-0.13,-0.06,0.01,-0.14,-0.09,-0.02,-0.14,-0.18,-0.04,-0.14,-0.29,-0.05,-0.14,-0.37,-0.03,-0.14,-0.37,-0.02,-0.15,-0.32,-0.01,-0.15,-0.27,-0.02,-0.14,-0.26,-0.03,-0.11,-0.28,-0.04,-0.09,-0.31,-0.04,-0.09,-0.30,-0.04,-0.10,-0.27,-0.04,-0.12,-0.22,-0.04,-0.14,-0.19,-0.04,-0.14,-0.18,-0.04,-0.13,-0.16,-0.04,-0.10,-0.13,-0.04,-0.07,-0.09,-0.04,-0.04,-0.06,-0.02,-0.02,-0.04,0.00,-0.00,-0.03,0.02,-0.01,-0.03,0.02,-0.02,-0.01,0.00,-0.04,0.02,-0.02,-0.02,0.04,-0.02,0.03,0.07,0.01,0.10,0.09,0.04,0.17,0.11,0.06,0.20,0.14,0.05,0.18,0.17,0.02,0.12,0.19,0.00,0.07,0.20,0.00,0.05,0.18,0.02,0.08,0.16,0.05,0.12,0.15,0.05,0.15,0.14,0.04,0.14,0.16,0.03,0.12,0.18,0.04,0.09,0.19,0.05,0.09,0.20,0.06,0.11,0.20,0.06,0.12,0.19,0.05,0.12,0.18,0.03,0.10,0.17,0.03,0.08,0.16,0.04,0.07,0.15,0.05,0.07,0.13,0.04,0.07,0.10,0.03,0.06,0.09,0.01,0.03,0.07,-0.01,-0.02,0.06,-0.03,-0.05,0.05,-0.04,-0.06,0.03,-0.06,-0.02,0.01,-0.08,0.04,-0.03,-0.07,0.08,-0.05,-0.05,0.07,-0.06,-0.02,0.02,-0.05,0.00,-0.07,-0.05,0.00,-0.13,-0.06,-0.02,-0.16,-0.08,-0.04,-0.16,-0.11
0.05,0.01,0.06,0.04,0.02,0.14,0.04,0.00,0.24,0.05,-0.05,0.32,0.08,-0.14,0.35,0.09,-0.25,0.30,0.06,-0.35,0.13,-0.02,-0.41,-0.18,-0.15,-0.38,-0.59,-0.29,-0.29,-0.99,-0.39,-0.13,-1.26,-0.39,0.04,-1.26,-0.29,0.19,-0.99,-0.11,0.30,-0.57,0.08,0.36,-0.17,0.19,0.39,0.09,0.18,0.40,0.19,0.11,0.42,0.25,0.05,0.45,0.37,0.09,0.45,0.60,0.22,0.42,0.85,0.36,0.35,1.02,0.43,0.26,1.05,0.38,0.18,0.96,0.27,0.11,0.85,0.15,0.03,0.77,0.08,-0.07,0.68,0.03,-0.21,0.54,-0.03,-0.37,0.30,-0.14,-0.49,0.00,-0.26,-0.55,-0.29,-0.34,-0.55,-0.49,-0.34,-0.50,-0.57,-0.28,-0.45,-0.54,-0.21,-0.41,-0.45,-0.17,-0.36,-0.34,-0.15,-0.29,-0.24,-0.13,-0.19,-0.15,-0.07,-0.06,-0.07,0.02,0.07,0.01,0.12,0.18,0.09,0.18,0.26,0.15,0.19,0.33,0.17,0.19,0.41,0.15,0.18,0.46,0.07,0.17,0.48,-0.07,0.16,0.44,-0.24,0.12,0.34,-0.41,0.06,0.21,-0.55,-0.01,0.10,-0.62,-0.09,0.04,-0.62,-0.17,0.01,-0.57,-0.25,-0.00,-0.51,-0.30,-0.04,-0.48,-0.32,-0.09,-0.51,-0.29,-0.14,-0.56,-0.23,-0.16,-0.56,-0.18,-0.17,-0.43,-0.14,-0.18,-0.18,-0.11,-0.20,0.11,-0.04,-0.22,0.35,0.08,-0.22,0.50,0.21,-0.20,0.60,0.31,-0.15,0.70,0.31,-0.09,0.84,0.26,-0.05,0.96,0.18,-0.02,1.00,0.15,-0.01,0.92,0.17,0.02,0.75,0.20,0.04,0.56,0.20,0.07,0.39,0.15,0.08,0.25,0.10,0.07,0.09,0.06,0.05,-0.08,0.04,0.06,-0.26,0.00,0.09,-0.41,-0.07,0.17,-0.48,-0.15,0.28,-0.44,-0.17,0.38,-0.27,-0.10,0.45,0.00,0.04,0.46,0.33,0.19,0.41,0.59,0.28,0.31,0.71,0.26,0.19,0.63,0.17,0.08,0.40,0.08,-0.01,0.15,0.01,-0.10,-0.03,-0.03,-0.17,-0.12,-0.07,-0.25,-0.18,-0.13,-0.32,-0.28,-0.21,-0.39,-0.48,-0.29,-0.45,-0.73,-0.35,-0.50,-0.95,-0.39,-0.54,-1.09,-0.41,-0.56,-1.13,-0.40,-0.55,-1.08,-0.35,-0.51,-1.00,-0.28,-0.43,-0.87,-0.20,-0.33,-0.69,-0.12,-0.23,-0.44,-0.05,-0.12,-0.16,0.01,-0.01,0.11,0.08,0.09,0.32,0.14,0.19,0.45,0.19,0.28,0.50,0.20,0.34,0.50,0.17,0.37,0.47,0.12,0.37,0.40,0.09,0.34,0.29,0.07,0.30,0.16,0.06,0.26,0.03,0.03,0.22,-0.06,0.00,0.19,-0.08,-0.02,0.16,-0.05,-0.02,0.13,0.03,0.01,0.11,0.12,0.05,0.10,0.20,0.08,0.09,0.27,0.09,0.09,0.33,0.10,0.09,0.39,0.12,0.10,0.44,0.15,0.11,0.50,0.18,0.13,0.56,0.20,0.14,0.62,0.20,0.14,0.66,0.19,0.12,0.69,0.19,0.10,0.67,0.20,0.09,0.62,0.20,0.08,0.55,0.19,0.08,0.47,0.16,0.08,0.38,0.13,0.07,0.30,0.11,0.06,0.21,0.09,0.04,0.11,0.06,0.01,-0.00,0.00,-0.03,-0.13,-0.07,-0.08,-0.25,-0.13,-0.12,-0.37,-0.14,-0.15,-0.47,-0.10,-0.17,-0.53,-0.04,-0.18,-0.56,-0.02,-0.20,-0.57,-0.09,-0.22,-0.58,-0.22,-0.25,-0.64,-0.34,-0.27,-0.75,-0.39,-0.29,-0.87,-0.36,-0.30,-0.93,-0.29,-0.31,-0.90,-0.24,-0.30,-0.80,-0.24,-0.28,-0.69,-0.27,-0.24,-0.61,-0.28,-0.21,-0.56,-0.25,-0.19,-0.53,-0.19,-0.18,-0.46,-0.14,-0.17,-0.37,-0.12,-0.16,-0.26,-0.12,-0.12,-0.15,-0.11,-0.09,-0.06,-0.06,-0.05,0.02,0.02,-0.01,0.11,0.09,0.02,0.20,0.12,0.05,0.29,0.12,0.08,0.35,0.10,0.12,0.41,0.10,0.14,0.48,0.12,0.17,0.55,0.16,0.20,0.61,0.19,0.24,0.65,0.21,0.28,0.65,0.22,0.30,0.64,0.22,0.30,0.63,0.23,0.29,0.64,0.23,0.28,0.65,0.23,0.27,0.64,0.22,0.27,0.60,0.21,0.26,0.55,0.20,0.25,0.49,0.19,0.23,0.45,0.19,0.23,0.42,0.18,0.23,0.37
0.06,0.23,0.52,0.08,0.23,0.58,0.12,0.24,0.66,0.17,0.24,0.71,0.22,0.20,0.72,0.24,0.11,0.66,0.21,-0.02,0.49,0.12,-0.15,0.18,-0.03,-0.25,-0.26,-0.21,-0.28,-0.73,-0.36,-0.25,-1.13,-0.45,-0.18,-1.37,-0.44,-0.08,-1.42,-0.37,0.03,-1.36,-0.26,0.16,-1.22,-0.12,0.29,-1.00,0.03,0.40,-0.65,0.19,0.47,-0.15,0.33,0.47,0.44,0.43,0.41,0.96,0.45,0.31,1.23,0.39,0.19,1.22,0.28,0.06,1.00,0.17,-0.06,0.72,0.06,-0.19,0.49,-0.04,-0.31,0.34,-0.14,-0.42,0.23,-0.22,-0.49,0.09,-0.28,-0.53,-0.09,-0.32,-0.54,-0.28,-0.35,-0.55,-0.45,-0.40,-0.57,-0.56,-0.46,-0.60,-0.63,-0.50,-0.63,-0.67,-0.46,-0.62,-0.67,-0.33,-0.55,-0.64,-0.15,-0.42,-0.57,0.02,-0.27,-0.48,0.10,-0.13,-0.41,0.09,-0.01,-0.35,0.04,0.07,-0.30,0.03,0.14,-0.22,0.11,0.21,-0.12,0.23,0.27,-0.02,0.30,0.30,0.03,0.27,0.29,0.03,0.18,0.26,-0.03,0.13,0.21,-0.09,0.22,0.19,-0.12,0.40,0.20,-0.11,0.53,0.23,-0.09,0.44,0.24,-0.06,0.11,0.24,-0.05,-0.29,0.22,-0.03,-0.54,0.22,0.01,-0.52,0.24,0.09,-0.31,0.26,0.23,-0.10,0.25,0.39,-0.04,0.21,0.53,-0.13,0.15,0.61,-0.22,0.12,0.60,-0.20,0.15,0.54,-0.04,0.20,0.50,0.15,0.22,0.54,0.26,0.18,0.67,0.26,0.08,0.79,0.20,-0.02,0.84,0.15,-0.06,0.77,0.15,-0.04,0.62,0.16,-0.01,0.46,0.12,0.00,0.34,0.04,-0.02,0.24,-0.03,-0.05,0.13,-0.03,-0.04,-0.01,0.04,0.00,-0.17,0.13,0.06,-0.32,0.17,0.08,-0.44,0.14,0.08,-0.54,0.10,0.08,-0.58,0.10,0.09,-0.53,0.17,0.12,-0.36,0.26,0.13,-0.11,0.29,0.09,0.10,0.24,0.02,0.16,0.12,-0.06,0.05,0.01,-0.11,-0.14,-0.06,-0.14,-0.26,-0.09,-0.18,-0.25,-0.12,-0.24,-0.17,-0.18,-0.33,-0.15,-0.26,-0.42,-0.25,-0.32,-0.49,-0.45,-0.36,-0.54,-0.65,-0.39,-0.57,-0.76,-0.42,-0.58,-0.79,-0.47,-0.55,-0.78,-0.50,-0.49,-0.81,-0.49,-0.43,-0.86,-0.44,-0.41,-0.89,-0.36,-0.43,-0.84,-0.28,-0.47,-0.70,-0.19,-0.45,-0.50,-0.08,-0.31,-0.26,0.06,-0.08,-0.00,0.23,0.15,0.26,0.35,0.31,0.50,0.40,0.39,0.68,0.37,0.41,0.76,0.30,0.45,0.75,0.24,0.52,0.70,0.22,0.59,0.64,0.22,0.62,0.59,0.21,0.60,0.53,0.17,0.55,0.45,0.10,0.50,0.35,0.03,0.48,0.26,-0.00,0.47,0.20,-0.00,0.43,0.20,0.01,0.36,0.23,0.02,0.27,0.26,0.03,0.21,0.28,0.05,0.18,0.31,0.08,0.17,0.36,0.10,0.15,0.41,0.10,0.12,0.44,0.08,0.07,0.43,0.04,0.04,0.39,0.03,0.01,0.33,0.06,-0.01,0.29,0.10,-0.05,0.26,0.13,-0.08,0.24,0.14,-0.10,0.22,0.11,-0.11,0.19,0.09,-0.10,0.16,0.08,-0.09,0.13,0.08,-0.11,0.10,0.09,-0.13,0.04,0.08,-0.15,-0.04,0.05,-0.15,-0.15,-0.01,-0.15,-0.25,-0.06,-0.15,-0.32,-0.10,-0.18,-0.38,-0.13,-0.22,-0.41,-0.14,-0.25,-0.44,-0.14,-0.28,-0.46,-0.15,-0.28,-0.49,-0.15,-0.28,-0.52,-0.14,-0.30,-0.54,-0.12,-0.32,-0.55,-0.10,-0.35,-0.55,-0.09,-0.36,-0.56,-0.10,-0.35,-0.58,-0.14,-0.34,-0.59,-0.17,-0.33,-0.60,-0.20,-0.31,-0.60,-0.21,-0.28,-0.58,-0.20,-0.24,-0.55,-0.18,-0.19,-0.50,-0.17,-0.13,-0.45,-0.17,-0.09,-0.39,-0.16,-0.06,-0.32,-0.14,-0.03,-0.24,-0.12,0.01,-0.15,-0.10,0.07,-0.06,-0.08,0.14,0.02,-0.08,0.20,0.09,-0.08,0.24,0.17,-0.07,0.28,0.25,-0.03,0.30,0.34,0.04,0.32,0.43,0.15,0.33,0.52,0.25,0.35,0.59,0.32,0.36,0.64,0.32,0.37,0.68,0.26,0.39,0.71,0.18,0.40,0.74,0.15,0.40,0.75,0.17,0.38,0.76,0.23,0.35,0.75,0.25,0.32,0.74
0.08,-0.04,0.05,0.10,-0.00,0.14,0.12,0.03,0.23,0.12,0.07,0.30,0.11,0.09,0.31,0.08,0.08,0.27,0.02,0.04,0.16,-0.06,-0.03,0.01,-0.15,-0.09,-0.15,-0.21,-0.11,-0.28,-0.24,-0.06,-0.35,-0.25,0.04,-0.34,-0.24,0.17,-0.27,-0.20,0.31,-0.17,-0.10,0.44,-0.07,0.07,0.57,0.05,0.29,0.68,0.23,0.49,0.78,0.50,0.62,0.83,0.85,0.63,0.81,1.21,0.57,0.74,1.49,0.49,0.64,1.63,0.45,0.52,1.62,0.43,0.42,1.51,0.42,0.31,1.35,0.37,0.19,1.15,0.27,0.05,0.92,0.16,-0.07,0.64,0.07,-0.18,0.34,0.00,-0.25,0.07,-0.04,-0.31,-0.13,-0.10,-0.37,-0.28,-0.19,-0.45,-0.39,-0.29,-0.53,-0.53,-0.37,-0.58,-0.69,-0.41,-0.59,-0.87,-0.43,-0.54,-1.01,-0.43,-0.47,-1.09,-0.43,-0.41,-1.10,-0.42,-0.37,-1.04,-0.40,-0.35,-0.94,-0.33,-0.31,-0.82,-0.24,-0.23,-0.68,-0.14,-0.12,-0.55,-0.05,-0.02,-0.43,0.02,0.05,-0.32,0.08,0.10,-0.21,0.12,0.12,-0.09,0.16,0.16,0.01,0.19,0.19,0.09,0.19,0.20,0.12,0.18,0.19,0.10,0.15,0.14,0.04,0.12,0.09,-0.04,0.08,0.04,-0.13,0.04,-0.00,-0.22,-0.01,-0.04,-0.27,-0.05,-0.07,-0.30,-0.09,-0.09,-0.28,-0.12,-0.10,-0.25,-0.15,-0.10,-0.20,-0.16,-0.09,-0.15,-0.16,-0.08,-0.08,-0.13,-0.08,-0.00,-0.09,-0.07,0.08,-0.05,-0.06,0.14,-0.03,-0.04,0.19,-0.01,-0.03,0.24,-0.01,-0.02,0.32,0.02,-0.02,0.44,0.09,-0.01,0.60,0.18,0.01,0.74,0.27,0.01,0.79,0.28,0.01,0.73,0.17,-0.00,0.53,-0.01,0.01,0.27,-0.18,0.07,0.05,-0.22,0.16,-0.05,-0.12,0.27,-0.01,0.06,0.34,0.11,0.20,0.36,0.19,0.23,0.35,0.20,0.18,0.34,0.16,0.15,0.37,0.17,0.21,0.43,0.30,0.36,0.47,0.50,0.48,0.47,0.67,0.47,0.40,0.70,0.33,0.29,0.56,0.13,0.16,0.32,-0.04,0.05,0.12,-0.11,-0.04,0.04,-0.09,-0.09,0.06,-0.07,-0.12,0.09,-0.09,-0.14,0.04,-0.15,-0.18,-0.09,-0.21,-0.25,-0.26,-0.24,-0.35,-0.41,-0.24,-0.45,-0.53,-0.25,-0.51,-0.65,-0.29,-0.54,-0.78,-0.36,-0.53,-0.93,-0.42,-0.53,-1.03,-0.44,-0.53,-1.06,-0.41,-0.51,-1.01,-0.34,-0.46,-0.92,-0.27,-0.37,-0.82,-0.20,-0.28,-0.71,-0.11,-0.20,-0.59,-0.02,-0.17,-0.43,0.09,-0.14,-0.24,0.19,-0.08,-0.04,0.27,0.05,0.13,0.31,0.21,0.27,0.31,0.34,0.36,0.28,0.39,0.42,0.25,0.34,0.42,0.21,0.26,0.38,0.17,0.21,0.30,0.13,0.22,0.21,0.08,0.27,0.15,0.03,0.29,0.13,-0.01,0.26,0.13,-0.05,0.20,0.14,-0.08,0.14,0.13,-0.10,0.12,0.12,-0.09,0.13,0.12,-0.08,0.14,0.18,-0.04,0.13,0.28,0.01,0.10,0.40,0.07,0.06,0.48,0.09,0.04,0.51,0.08,0.04,0.48,0.04,0.04,0.42,-0.00,0.03,0.36,-0.02,0.02,0.34,0.01,0.04,0.36,0.07,0.07,0.40,0.12,0.09,0.45,0.15,0.08,0.47,0.15,0.05,0.45,0.13,0.02,0.42,0.11,0.01,0.38,0.12,0.03,0.33,0.15,0.04,0.23,0.17,0.04,0.08,0.15,0.01,-0.12,0.06,-0.03,-0.30,-0.08,-0.04,-0.43,-0.23,-0.03,-0.48,-0.32,-0.02,-0.48,-0.31,-0.04,-0.47,-0.22,-0.08,-0.48,-0.11,-0.13,-0.49,-0.04,-0.16,-0.48,-0.03,-0.16,-0.44,-0.07,-0.15,-0.40,-0.10,-0.17,-0.38,-0.08,-0.20,-0.41,-0.01,-0.24,-0.45,0.05,-0.26,-0.46,0.07,-0.25,-0.43,0.03,-0.23,-0.37,-0.05,-0.21,-0.33,-0.12,-0.21,-0.33,-0.15,-0.22,-0.34,-0.10,-0.20,-0.33,-0.03,-0.16,-0.28,0.03,-0.11,-0.22,0.04,-0.06,-0.17,-0.01,-0.04,-0.14,-0.08,-0.03,-0.12,-0.13,-0.01,-0.08,-0.14,0.03,-0.01,-0.12,0.07,0.07,-0.10,0.11,0.14,-0.09,0.14,0.18,-0.06,0.15,0.23,-0.01,0.17,0.31,0.05,0.20,0.42
-0.03,-0.12,-0.11,-0.03,-0.09,-0.04,-0.01,-0.07,0.01,-0.01,-0.07,0.02,-0.03,-0.12,-0.01,-0.08,-0.17,-0.07,-0.15,-0.20,-0.15,-0.22,-0.18,-0.26,-0.30,-0.11,-0.39,-0.39,-0.01,-0.51,-0.46,0.09,-0.57,-0.48,0.18,-0.53,-0.43,0.26,-0.36,-0.27,0.35,-0.07,-0.02,0.43,0.28,0.26,0.49,0.60,0.51,0.50,0.84,0.67,0.48,0.95,0.71,0.43,0.96,0.65,0.38,0.90,0.53,0.32,0.84,0.41,0.25,0.79,0.33,0.18,0.77,0.29,0.10,0.75,0.26,0.03,0.70,0.20,-0.03,0.60,0.10,-0.08,0.45,-0.02,-0.13,0.28,-0.10,-0.19,0.11,-0.14,-0.25,-0.04,-0.13,-0.29,-0.16,-0.12,-0.28,-0.23,-0.12,-0.23,-0.24,-0.13,-0.16,-0.22,-0.12,-0.07,-0.18,-0.10,-0.00,-0.15,-0.08,0.04,-0.16,-0.07,0.06,-0.19,-0.09,0.05,-0.24,-0.11,0.02,-0.29,-0.10,-0.02,-0.33,-0.05,-0.06,-0.34,0.02,-0.08,-0.33,0.06,-0.10,-0.33,0.06,-0.10,-0.35,0.02,-0.10,-0.39,-0.03,-0.10,-0.43,-0.07,-0.08,-0.46,-0.08,-0.07,-0.46,-0.08,-0.05,-0.45,-0.09,-0.04,-0.44,-0.13,-0.04,-0.45,-0.16,-0.05,-0.45,-0.18,-0.05,-0.41,-0.16,-0.05,-0.31,-0.13,-0.05,-0.17,-0.11,-0.06,-0.05,-0.12,-0.07,-0.02,-0.14,-0.08,-0.08,-0.17,-0.08,-0.17,-0.18,-0.06,-0.19,-0.15,-0.04,-0.06,-0.07,-0.02,0.18,0.03,-0.01,0.45,0.12,-0.02,0.61,0.18,-0.04,0.64,0.18,-0.06,0.57,0.15,-0.06,0.49,0.12,-0.04,0.46,0.09,0.00,0.45,0.06,0.06,0.40,0.03,0.11,0.28,-0.02,0.17,0.14,-0.04,0.24,0.06,-0.03,0.31,0.08,0.03,0.38,0.17,0.11,0.44,0.25,0.18,0.47,0.28,0.23,0.46,0.28,0.28,0.43,0.31,0.34,0.38,0.40,0.42,0.32,0.52,0.47,0.27,0.59,0.45,0.20,0.55,0.36,0.12,0.44,0.25,0.01,0.30,0.16,-0.13,0.20,0.10,-0.26,0.11,0.03,-0.39,-0.03,-0.06,-0.48,-0.24,-0.21,-0.54,-0.51,-0.37,-0.57,-0.76,-0.49,-0.59,-0.93,-0.55,-0.60,-1.00,-0.54,-0.60,-0.99,-0.51,-0.58,-0.94,-0.47,-0.53,-0.87,-0.43,-0.44,-0.76,-0.38,-0.32,-0.62,-0.32,-0.16,-0.47,-0.25,0.00,-0.33,-0.17,0.13,-0.24,-0.10,0.18,-0.18,-0.01,0.16,-0.11,0.08,0.11,-0.02,0.17,0.10,0.09,0.23,0.15,0.19,0.25,0.25,0.24,0.23,0.35,0.26,0.20,0.40,0.25,0.18,0.40,0.25,0.16,0.36,0.25,0.13,0.33,0.25,0.08,0.31,0.24,0.03,0.29,0.21,-0.01,0.25,0.19,-0.02,0.20,0.19,0.01,0.15,0.22,0.05,0.12,0.25,0.08,0.11,0.29,0.10,0.11,0.31,0.10,0.09,0.32,0.09,0.07,0.33,0.09,0.05,0.34,0.11,0.03,0.35,0.13,0.01,0.35,0.15,-0.01,0.34,0.16,-0.04,0.32,0.16,-0.06,0.30,0.15,-0.08,0.28,0.12,-0.09,0.27,0.09,-0.09,0.25,0.05,-0.10,0.21,0.01,-0.10,0.15,-0.02,-0.10,0.07,-0.04,-0.09,-0.01,-0.05,-0.08,-0.08,-0.05,-0.09,-0.14,-0.03,-0.11,-0.19,-0.01,-0.12,-0.24,0.00,-0.11,-0.31,-0.01,-0.11,-0.41,-0.05,-0.11,-0.50,-0.10,-0.13,-0.56,-0.14,-0.15,-0.56,-0.16,-0.17,-0.52,-0.15,-0.17,-0.46,-0.14,-0.16,-0.40,-0.14,-0.16,-0.35,-0.16,-0.18,-0.31,-0.18,-0.20,-0.26,-0.18,-0.22,-0.20,-0.16,-0.22,-0.15,-0.13,-0.18,-0.13,-0.11,-0.13,-0.12,-0.12,-0.06,-0.13,-0.13,-0.01,-0.12,-0.13,0.02,-0.10,-0.12,0.02,-0.07,-0.10,0.00,-0.05,-0.09,-0.00,-0.03,-0.08,0.02,-0.03,-0.07,0.06,-0.01,-0.05,0.11,0.02,-0.03,0.14,0.06,0.00,0.14,0.09,0.02,0.15,0.13,0.04,0.16,0.16,0.06,0.20,0.20,0.11,0.25,0.24,0.16,0.28,0.26,0.20,0.28,0.28,0.21,0.26,0.31,0.21,0.25,0.37,0.21,0.24,0.43,0.22,0.24,0.46,0.24,0.23,0.44,0.26,0.21,0.37,0.25,0.18,0.31,0.22,0.16,0.28
-0.15,-0.19,-0.24,-0.09,-0.19,-0.14,-0.05,-0.20,-0.04,-0.04,-0.23,0.05,-0.06,-0.30,0.12,-0.12,-0.38,0.11,-0.20,-0.44,-0.01,-0.29,-0.43,-0.24,-0.39,-0.36,-0.58,-0.50,-0.25,-0.90,-0.56,-0.14,-1.11,-0.54,-0.04,-1.10,-0.41,0.05,-0.89,-0.22,0.14,-0.57,-0.04,0.24,-0.27,0.09,0.35,-0.06,0.14,0.43,0.07,0.18,0.48,0.19,0.23,0.49,0.35,0.31,0.48,0.54,0.40,0.47,0.70,0.45,0.44,0.80,0.45,0.39,0.81,0.42,0.32,0.79,0.40,0.25,0.79,0.42,0.19,0.82,0.44,0.15,0.85,0.44,0.10,0.83,0.38,0.04,0.73,0.28,-0.04,0.58,0.16,-0.11,0.39,0.03,-0.17,0.21,-0.07,-0.21,0.04,-0.17,-0.25,-0.13,-0.24,-0.28,-0.29,-0.27,-0.31,-0.42,-0.24,-0.30,-0.48,-0.17,-0.24,-0.46,-0.09,-0.14,-0.37,-0.03,-0.06,-0.26,-0.01,-0.01,-0.13,0.02,0.00,-0.01,0.06,0.02,0.11,0.12,0.09,0.21,0.19,0.22,0.25,0.21,0.36,0.22,0.18,0.43,0.12,0.10,0.38,-0.02,0.01,0.23,-0.15,-0.07,0.06,-0.26,-0.12,-0.04,-0.34,-0.17,-0.06,-0.41,-0.21,-0.02,-0.45,-0.26,-0.01,-0.44,-0.29,-0.06,-0.41,-0.32,-0.15,-0.37,-0.32,-0.23,-0.38,-0.32,-0.26,-0.42,-0.31,-0.24,-0.46,-0.29,-0.22,-0.45,-0.26,-0.22,-0.36,-0.20,-0.26,-0.21,-0.14,-0.31,-0.07,-0.07,-0.32,0.05,-0.00,-0.29,0.13,0.06,-0.24,0.20,0.11,-0.16,0.26,0.13,-0.06,0.32,0.11,0.02,0.33,0.08,0.08,0.29,0.03,0.08,0.23,-0.01,0.02,0.17,-0.03,-0.06,0.13,-0.01,-0.08,0.09,0.04,-0.02,0.04,0.11,0.11,-0.00,0.20,0.24,-0.03,0.29,0.33,0.01,0.35,0.36,0.11,0.40,0.37,0.26,0.43,0.37,0.40,0.44,0.39,0.50,0.41,0.40,0.54,0.34,0.37,0.53,0.24,0.29,0.50,0.13,0.20,0.45,0.06,0.12,0.40,0.04,0.07,0.34,0.04,0.03,0.26,0.02,-0.02,0.18,-0.03,-0.09,0.10,-0.10,-0.16,0.01,-0.17,-0.22,-0.10,-0.24,-0.26,-0.26,-0.30,-0.30,-0.45,-0.39,-0.34,-0.66,-0.49,-0.39,-0.83,-0.57,-0.43,-0.94,-0.58,-0.44,-0.96,-0.52,-0.40,-0.89,-0.40,-0.35,-0.77,-0.26,-0.27,-0.62,-0.15,-0.19,-0.45,-0.06,-0.10,-0.28,0.03,-0.02,-0.13,0.14,0.04,0.01,0.26,0.09,0.13,0.35,0.13,0.25,0.40,0.17,0.34,0.40,0.23,0.42,0.36,0.28,0.45,0.31,0.31,0.44,0.25,0.31,0.39,0.17,0.27,0.31,0.07,0.23,0.22,-0.03,0.21,0.14,-0.11,0.21,0.06,-0.15,0.22,0.01,-0.17,0.21,-0.03,-0.18,0.17,-0.04,-0.17,0.11,-0.03,-0.13,0.06,0.01,-0.06,0.04,0.07,0.02,0.04,0.14,0.07,0.02,0.21,0.07,-0.04,0.25,0.01,-0.13,0.26,-0.07,-0.19,0.25,-0.12,-0.19,0.25,-0.11,-0.14,0.26,-0.03,-0.08,0.30,0.10,-0.06,0.36,0.26,-0.09,0.41,0.39,-0.13,0.43,0.44,-0.15,0.38,0.38,-0.13,0.27,0.24,-0.08,0.11,0.06,-0.05,-0.07,-0.10,-0.04,-0.25,-0.20,-0.03,-0.39,-0.24,-0.01,-0.48,-0.24,0.05,-0.52,-0.23,0.12,-0.50,-0.19,0.15,-0.45,-0.14,0.15,-0.39,-0.05,0.11,-0.34,0.04,0.07,-0.32,0.10,0.04,-0.30,0.14,0.01,-0.27,0.14,-0.02,-0.18,0.13,-0.07,-0.06,0.13,-0.11,0.06,0.12,-0.13,0.10,0.07,-0.12,0.06,-0.00,-0.11,-0.05,-0.10,-0.13,-0.16,-0.18,-0.18,-0.20,-0.21,-0.24,-0.18,-0.21,-0.27,-0.13,-0.21,-0.25,-0.11,-0.22,-0.20,-0.13,-0.25,-0.15,-0.17,-0.27,-0.13,-0.19,-0.26,-0.14,-0.16,-0.22,-0.15,-0.12,-0.17,-0.13,-0.08,-0.15,-0.07,-0.06,-0.15,0.00,-0.04,-0.15,0.08,-0.00,-0.12,0.13,0.06,-0.04,0.15,0.13,0.04,0.17,0.18,0.10,0.19,0.21,0.13,0.23,0.23,0.13,0.29,0.26,0.14,0.34,0.31,0.18,0.36,0.36,0.25,0.33,0.40,0.30,0.28,0.42,0.31,0.23,0.41
-0.00,-0.09,-0.08,-0.02,-0.12,-0.12,-0.03,-0.16,-0.15,-0.04,-0.19,-0.19,-0.07,-0.21,-0.24,-0.11,-0.23,-0.29,-0.16,-0.23,-0.34,-0.19,-0.24,-0.40,-0.21,-0.24,-0.46,-0.22,-0.24,-0.50,-0.23,-0.25,-0.48,-0.24,-0.25,-0.43,-0.24,-0.26,-0.37,-0.25,-0.28,-0.33,-0.24,-0.28,-0.33,-0.24,-0.26,-0.36,-0.23,-0.23,-0.37,-0.23,-0.19,-0.34,-0.22,-0.16,-0.29,-0.20,-0.15,-0.24,-0.17,-0.14,-0.22,-0.15,-0.11,-0.21,-0.13,-0.08,-0.19,-0.12,-0.04,-0.14,-0.11,-0.00,-0.07,-0.09,0.02,-0.01,-0.05,0.03,0.03,-0.01,0.05,0.05,0.03,0.08,0.08,0.07,0.12,0.13,0.09,0.15,0.19,0.10,0.19,0.23,0.13,0.21,0.24,0.15,0.20,0.24,0.18,0.17,0.24,0.19,0.12,0.27,0.18,0.09,0.31,0.17,0.13,0.35,0.17,0.23,0.36,0.19,0.35,0.36,0.22,0.41,0.36,0.23,0.37,0.39,0.23,0.26,0.40,0.19,0.16,0.39,0.15,0.14,0.34,0.11,0.18,0.27,0.09,0.23,0.20,0.09,0.22,0.17,0.11,0.15,0.19,0.13,0.08,0.22,0.16,0.05,0.25,0.18,0.08,0.27,0.19,0.12,0.26,0.19,0.11,0.25,0.18,0.04,0.25,0.16,-0.07,0.26,0.12,-0.17,0.25,0.07,-0.26,0.19,-0.00,-0.36,0.05,-0.08,-0.45,-0.17,-0.18,-0.52,-0.45,-0.29,-0.53,-0.75,-0.41,-0.47,-1.00,-0.52,-0.33,-1.17,-0.58,-0.18,-1.20,-0.57,-0.03,-1.08,-0.45,0.11,-0.84,-0.27,0.26,-0.52,-0.07,0.40,-0.20,0.08,0.48,0.05,0.16,0.44,0.17,0.18,0.27,0.19,0.16,0.06,0.15,0.14,-0.08,0.12,0.13,-0.11,0.12,0.10,-0.07,0.13,0.01,-0.09,0.11,-0.13,-0.24,0.03,-0.32,-0.48,-0.09,-0.47,-0.70,-0.19,-0.53,-0.78,-0.20,-0.44,-0.67,-0.08,-0.22,-0.44,0.15,0.05,-0.21,0.39,0.27,-0.06,0.56,0.37,0.02,0.60,0.37,0.08,0.52,0.31,0.14,0.38,0.28,0.22,0.25,0.28,0.30,0.17,0.29,0.34,0.12,0.27,0.34,0.08,0.19,0.33,0.00,0.09,0.31,-0.09,-0.00,0.29,-0.17,-0.04,0.25,-0.22,-0.04,0.20,-0.24,-0.04,0.15,-0.26,-0.06,0.10,-0.30,-0.10,0.06,-0.36,-0.13,0.04,-0.40,-0.14,0.03,-0.39,-0.13,0.01,-0.30,-0.12,-0.02,-0.19,-0.11,-0.04,-0.09,-0.10,-0.06,-0.03,-0.08,-0.08,0.02,-0.05,-0.09,0.08,-0.00,-0.08,0.18,0.03,-0.06,0.30,0.05,-0.04,0.39,0.06,-0.02,0.43,0.07,-0.02,0.44,0.10,-0.01,0.44,0.14,0.01,0.44,0.16,0.05,0.41,0.12,0.11,0.33,0.02,0.17,0.19,-0.09,0.24,0.05,-0.15,0.31,-0.01,-0.08,0.38,0.03,0.08,0.47,0.15,0.26,0.53,0.26,0.38,0.55,0.32,0.40,0.52,0.35,0.37,0.45,0.39,0.36,0.36,0.45,0.38,0.27,0.50,0.37,0.16,0.50,0.28,0.04,0.39,0.11,-0.10,0.18,-0.07,-0.25,-0.05,-0.18,-0.40,-0.24,-0.17,-0.51,-0.37,-0.12,-0.62,-0.45,-0.11,-0.71,-0.53,-0.20,-0.79,-0.63,-0.34,-0.85,-0.75,-0.47,-0.87,-0.87,-0.55,-0.86,-0.96,-0.59,-0.84,-1.04,-0.61,-0.80,-1.10,-0.63,-0.76,-1.12,-0.62,-0.68,-1.08,-0.55,-0.56,-0.98,-0.44,-0.42,-0.81,-0.31,-0.27,-0.63,-0.21,-0.16,-0.44,-0.12,-0.06,-0.26,-0.03,0.05,-0.07,0.09,0.18,0.12,0.23,0.33,0.31,0.33,0.46,0.46,0.37,0.54,0.57,0.35,0.58,0.64,0.30,0.59,0.69,0.28,0.62,0.73,0.28,0.66,0.74,0.27,0.69,0.70,0.24,0.70,0.60,0.18,0.66,0.49,0.11,0.58,0.41,0.08,0.49,0.38,0.08,0.42,0.40,0.11,0.37,0.44,0.13,0.36,0.46,0.15,0.37,0.48,0.18,0.36,0.48,0.20,0.31,0.47,0.21,0.21,0.44,0.20,0.10,0.39,0.17,0.04,0.34,0.16,0.03,0.32,0.17,0.07,0.33,0.20,0.09,0.34,0.22,0.06,0.31,0.19,-0.02,0.23,0.11,-0.10,0.11,0.03,-0.15,0.01,-0.04,-0.16,-0.05
-0.16,-0.16,-0.14,-0.10,-0.11,-0.05,-0.04,-0.06,0.05,-0.00,-0.02,0.16,0.01,-0.01,0.27,0.02,-0.08,0.33,0.01,-0.20,0.31,-0.03,-0.33,0.18,-0.12,-0.41,-0.03,-0.25,-0.39,-0.26,-0.36,-0.27,-0.46,-0.38,-0.09,-0.59,-0.27,0.13,-0.62,-0.08,0.39,-0.56,0.11,0.67,-0.40,0.25,0.92,-0.16,0.32,1.09,0.17,0.37,1.11,0.54,0.44,1.02,0.93,0.53,0.88,1.26,0.60,0.76,1.48,0.63,0.69,1.56,0.60,0.63,1.50,0.56,0.52,1.34,0.54,0.35,1.13,0.52,0.16,0.91,0.46,0.04,0.71,0.35,-0.02,0.54,0.20,-0.06,0.40,0.05,-0.14,0.26,-0.04,-0.29,0.11,-0.09,-0.45,-0.05,-0.14,-0.55,-0.21,-0.22,-0.55,-0.38,-0.34,-0.50,-0.52,-0.43,-0.45,-0.61,-0.43,-0.43,-0.61,-0.33,-0.41,-0.54,-0.20,-0.34,-0.44,-0.10,-0.21,-0.36,-0.06,-0.06,-0.33,-0.08,0.05,-0.34,-0.08,0.08,-0.35,-0.05,0.06,-0.34,0.03,0.05,-0.31,0.09,0.06,-0.28,0.12,0.08,-0.29,0.10,0.07,-0.32,0.06,0.03,-0.37,0.03,-0.02,-0.40,0.00,-0.05,-0.40,-0.04,-0.05,-0.40,-0.11,-0.05,-0.41,-0.20,-0.08,-0.46,-0.30,-0.14,-0.51,-0.36,-0.21,-0.53,-0.37,-0.26,-0.50,-0.35,-0.27,-0.42,-0.32,-0.25,-0.31,-0.28,-0.23,-0.20,-0.26,-0.23,-0.13,-0.24,-0.23,-0.10,-0.24,-0.23,-0.10,-0.25,-0.22,-0.09,-0.26,-0.19,-0.03,-0.24,-0.14,0.08,-0.19,-0.09,0.25,-0.09,-0.04,0.42,0.03,0.00,0.55,0.14,0.04,0.61,0.23,0.05,0.63,0.28,0.06,0.63,0.32,0.07,0.62,0.34,0.10,0.60,0.34,0.15,0.55,0.30,0.22,0.46,0.22,0.29,0.36,0.15,0.35,0.26,0.12,0.40,0.20,0.17,0.48,0.16,0.28,0.57,0.14,0.41,0.67,0.15,0.52,0.73,0.22,0.56,0.72,0.35,0.55,0.64,0.53,0.52,0.51,0.67,0.47,0.38,0.70,0.42,0.26,0.58,0.35,0.14,0.38,0.26,0.02,0.16,0.15,-0.11,-0.02,0.04,-0.23,-0.13,-0.06,-0.32,-0.22,-0.15,-0.39,-0.33,-0.24,-0.44,-0.44,-0.34,-0.50,-0.55,-0.44,-0.56,-0.62,-0.54,-0.62,-0.67,-0.65,-0.64,-0.71,-0.73,-0.63,-0.77,-0.79,-0.60,-0.83,-0.81,-0.56,-0.85,-0.77,-0.52,-0.82,-0.67,-0.48,-0.75,-0.53,-0.40,-0.66,-0.37,-0.29,-0.56,-0.22,-0.16,-0.42,-0.09,-0.02,-0.25,0.03,0.09,-0.06,0.14,0.19,0.13,0.25,0.26,0.26,0.36,0.33,0.34,0.43,0.39,0.36,0.46,0.43,0.36,0.46,0.44,0.37,0.44,0.42,0.38,0.41,0.38,0.39,0.37,0.34,0.39,0.31,0.29,0.36,0.23,0.25,0.32,0.13,0.22,0.25,0.03,0.18,0.16,-0.05,0.13,0.08,-0.09,0.07,0.03,-0.11,0.00,0.03,-0.12,-0.05,0.06,-0.13,-0.09,0.07,-0.16,-0.11,0.03,-0.18,-0.11,-0.03,-0.18,-0.12,-0.08,-0.14,-0.13,-0.06,-0.07,-0.15,0.05,0.02,-0.17,0.19,0.09,-0.17,0.28,0.12,-0.16,0.29,0.10,-0.14,0.22,0.07,-0.11,0.17,0.05,-0.08,0.16,0.05,-0.04,0.18,0.05,0.01,0.16,0.04,0.07,0.07,0.03,0.12,-0.06,0.03,0.16,-0.14,0.06,0.18,-0.10,0.15,0.19,0.04,0.24,0.18,0.19,0.30,0.18,0.24,0.30,0.17,0.17,0.22,0.14,0.03,0.11,0.09,-0.07,0.02,0.01,-0.08,-0.02,-0.05,-0.02,-0.01,-0.09,0.05,0.02,-0.10,0.07,0.02,-0.09,0.02,-0.00,-0.10,-0.08,-0.05,-0.13,-0.17,-0.10,-0.18,-0.26,-0.15,-0.23,-0.33,-0.20,-0.23,-0.38,-0.25,-0.20,-0.41,-0.30,-0.15,-0.41,-0.33,-0.11,-0.41,-0.34,-0.10,-0.44,-0.32,-0.11,-0.50,-0.31,-0.14,-0.57,-0.30,-0.14,-0.59,-0.30,-0.12,-0.54,-0.28,-0.09,-0.43,-0.24,-0.05,-0.30,-0.19,-0.03,-0.19,-0.14,-0.01,-0.11,-0.10,-0.00,-0.04,-0.06,0.02,0.04,-0.03,0.06,0.14,0.02,0.10,0.22,0.08,0.13,0.29,0.14,0.15,0.33,0.18,0.16,0.38,0.22,0.18,0.46
0.27,0.16,0.44,0.29,0.15,0.51,0.29,0.14,0.54,0.28,0.10,0.55,0.27,0.05,0.54,0.26,-0.03,0.50,0.24,-0.13,0.39,0.19,-0.23,0.18,0.06,-0.30,-0.13,-0.15,-0.32,-0.46,-0.39,-0.27,-0.74,-0.57,-0.16,-0.89,-0.60,0.00,-0.88,-0.46,0.16,-0.73,-0.21,0.29,-0.52,0.04,0.36,-0.30,0.19,0.40,-0.13,0.23,0.40,0.00,0.21,0.38,0.11,0.20,0.36,0.20,0.22,0.31,0.29,0.25,0.23,0.35,0.25,0.13,0.37,0.20,0.01,0.35,0.12,-0.10,0.29,0.03,-0.19,0.20,-0.03,-0.26,0.12,-0.08,-0.32,0.06,-0.14,-0.39,0.03,-0.22,-0.47,-0.00,-0.30,-0.56,-0.08,-0.37,-0.64,-0.21,-0.40,-0.66,-0.38,-0.40,-0.62,-0.53,-0.37,-0.53,-0.58,-0.33,-0.41,-0.52,-0.28,-0.29,-0.37,-0.20,-0.17,-0.22,-0.12,-0.05,-0.12,-0.04,0.07,-0.09,0.01,0.17,-0.10,0.03,0.23,-0.09,0.04,0.26,-0.06,0.07,0.26,-0.02,0.13,0.26,0.01,0.21,0.27,0.03,0.26,0.28,0.03,0.28,0.28,0.04,0.26,0.27,0.04,0.19,0.25,0.03,0.12,0.23,0.01,0.05,0.22,-0.02,-0.01,0.19,-0.05,-0.04,0.16,-0.07,-0.06,0.12,-0.08,-0.05,0.08,-0.06,-0.05,0.05,-0.03,-0.05,0.03,0.03,-0.06,0.02,0.10,-0.07,-0.00,0.17,-0.07,-0.04,0.22,-0.05,-0.07,0.25,-0.04,-0.08,0.26,-0.02,-0.05,0.28,0.01,0.01,0.30,0.05,0.07,0.33,0.12,0.11,0.38,0.22,0.10,0.43,0.33,0.06,0.50,0.40,-0.01,0.56,0.40,-0.08,0.56,0.32,-0.14,0.49,0.18,-0.16,0.33,0.03,-0.13,0.15,-0.11,-0.06,-0.02,-0.20,0.06,-0.14,-0.24,0.19,-0.23,-0.25,0.32,-0.28,-0.20,0.41,-0.28,-0.11,0.46,-0.19,0.03,0.45,-0.03,0.19,0.41,0.16,0.34,0.33,0.29,0.42,0.23,0.29,0.41,0.11,0.15,0.33,-0.01,-0.04,0.23,-0.14,-0.20,0.15,-0.26,-0.28,0.09,-0.36,-0.29,0.04,-0.44,-0.29,-0.04,-0.51,-0.33,-0.15,-0.57,-0.43,-0.27,-0.62,-0.53,-0.38,-0.66,-0.62,-0.48,-0.69,-0.68,-0.56,-0.70,-0.73,-0.65,-0.68,-0.76,-0.72,-0.64,-0.78,-0.74,-0.57,-0.78,-0.68,-0.46,-0.72,-0.55,-0.34,-0.62,-0.40,-0.22,-0.48,-0.27,-0.10,-0.33,-0.17,-0.00,-0.18,-0.11,0.09,-0.04,-0.04,0.19,0.10,0.03,0.30,0.23,0.12,0.39,0.37,0.19,0.47,0.50,0.23,0.52,0.60,0.25,0.55,0.67,0.27,0.55,0.69,0.29,0.55,0.68,0.32,0.54,0.66,0.35,0.53,0.64,0.37,0.52,0.63,0.39,0.50,0.60,0.39,0.47,0.54,0.38,0.44,0.44,0.34,0.42,0.33,0.29,0.39,0.23,0.25,0.36,0.19,0.23,0.30,0.22,0.25,0.22,0.29,0.28,0.11,0.33,0.28,0.01,0.31,0.24,-0.08,0.22,0.15,-0.15,0.08,0.05,-0.19,-0.03,0.00,-0.20,-0.07,0.00,-0.20,-0.07,0.04,-0.19,-0.05,0.06,-0.18,-0.05,0.06,-0.18,-0.09,0.02,-0.18,-0.14,-0.03,-0.18,-0.18,-0.07,-0.18,-0.19,-0.10,-0.18,-0.18,-0.11,-0.18,-0.18,-0.11,-0.18,-0.18,-0.12,-0.19,-0.19,-0.14,-0.20,-0.20,-0.16,-0.22,-0.22,-0.19,-0.24,-0.26,-0.22,-0.24,-0.29,-0.24,-0.24,-0.31,-0.25,-0.23,-0.29,-0.24,-0.23,-0.24,-0.23,-0.22,-0.21,-0.23,-0.23,-0.21,-0.25,-0.25,-0.25,-0.27,-0.26,-0.30,-0.29,-0.27,-0.33,-0.29,-0.26,-0.32,-0.27,-0.23,-0.30,-0.24,-0.20,-0.29,-0.22,-0.16,-0.30,-0.20,-0.13,-0.34,-0.18,-0.11,-0.38,-0.16,-0.08,-0.38,-0.15,-0.04,-0.34,-0.14,0.00,-0.26,-0.12,0.05,-0.17,-0.08,0.10,-0.09,-0.04,0.14,-0.03,0.01,0.18,0.02,0.06,0.20,0.07,0.09,0.20,0.13,0.12,0.19,0.20,0.16,0.19,0.26,0.20,0.23,0.31,0.24,0.30,0.36,0.28,0.38,0.40,0.30,0.43,0.44,0.32,0.44,0.47,0.33,0.41,0.51,0.35,0.38,0.54,0.36,0.37,0.57,0.36,0.36,0.59,0.35,0.35,0.60
0.32,0.31,0.48,0.34,0.35,0.55,0.35,0.37,0.61,0.35,0.35,0.66,0.36,0.30,0.71,0.36,0.22,0.72,0.33,0.13,0.67,0.26,0.01,0.53,0.15,-0.08,0.30,-0.01,-0.11,0.01,-0.16,-0.06,-0.29,-0.26,0.05,-0.51,-0.26,0.16,-0.61,-0.17,0.24,-0.60,-0.01,0.26,-0.48,0.15,0.28,-0.28,0.27,0.35,-0.03,0.33,0.48,0.24,0.34,0.61,0.49,0.33,0.64,0.67,0.31,0.54,0.74,0.30,0.36,0.72,0.26,0.18,0.63,0.21,0.08,0.53,0.14,0.02,0.44,0.06,-0.04,0.33,-0.02,-0.18,0.21,-0.11,-0.37,0.08,-0.19,-0.55,-0.06,-0.26,-0.66,-0.17,-0.31,-0.69,-0.28,-0.35,-0.69,-0.41,-0.38,-0.72,-0.58,-0.42,-0.78,-0.78,-0.47,-0.82,-0.92,-0.49,-0.78,-0.95,-0.47,-0.66,-0.82,-0.40,-0.48,-0.60,-0.30,-0.31,-0.38,-0.19,-0.17,-0.23,-0.11,-0.08,-0.17,-0.06,0.00,-0.17,-0.02,0.07,-0.17,0.02,0.13,-0.14,0.08,0.17,-0.09,0.14,0.20,-0.05,0.21,0.22,-0.05,0.26,0.25,-0.08,0.26,0.28,-0.13,0.21,0.30,-0.19,0.08,0.30,-0.22,-0.07,0.27,-0.25,-0.20,0.23,-0.27,-0.28,0.20,-0.27,-0.29,0.17,-0.26,-0.27,0.15,-0.22,-0.25,0.12,-0.15,-0.24,0.08,-0.06,-0.22,0.04,0.04,-0.19,0.02,0.14,-0.12,0.01,0.23,-0.01,0.03,0.32,0.11,0.06,0.42,0.24,0.09,0.52,0.36,0.12,0.62,0.45,0.11,0.70,0.50,0.05,0.75,0.50,-0.06,0.78,0.46,-0.20,0.77,0.39,-0.31,0.71,0.27,-0.34,0.55,0.13,-0.25,0.29,0.00,-0.06,-0.03,-0.07,0.19,-0.31,-0.03,0.46,-0.45,0.10,0.69,-0.41,0.26,0.86,-0.18,0.36,0.96,0.16,0.38,0.99,0.53,0.33,0.95,0.87,0.29,0.84,1.11,0.30,0.68,1.21,0.34,0.48,1.14,0.35,0.26,0.91,0.28,0.03,0.58,0.14,-0.20,0.24,-0.03,-0.41,-0.05,-0.16,-0.60,-0.25,-0.24,-0.76,-0.40,-0.29,-0.88,-0.55,-0.34,-0.96,-0.72,-0.42,-1.01,-0.90,-0.51,-1.04,-1.08,-0.59,-1.05,-1.21,-0.64,-1.03,-1.28,-0.66,-0.99,-1.31,-0.66,-0.93,-1.31,-0.66,-0.83,-1.31,-0.63,-0.71,-1.29,-0.57,-0.56,-1.23,-0.47,-0.41,-1.09,-0.36,-0.25,-0.89,-0.25,-0.10,-0.64,-0.15,0.05,-0.39,-0.07,0.18,-0.16,0.01,0.31,0.04,0.09,0.42,0.21,0.17,0.51,0.36,0.24,0.58,0.50,0.28,0.62,0.60,0.31,0.64,0.67,0.33,0.66,0.71,0.34,0.68,0.74,0.34,0.69,0.76,0.34,0.68,0.75,0.32,0.64,0.71,0.28,0.59,0.64,0.24,0.53,0.55,0.21,0.47,0.48,0.21,0.41,0.44,0.22,0.36,0.42,0.24,0.30,0.43,0.24,0.24,0.43,0.22,0.19,0.45,0.19,0.14,0.46,0.17,0.09,0.48,0.17,0.03,0.49,0.18,-0.04,0.45,0.19,-0.11,0.38,0.17,-0.17,0.28,0.12,-0.17,0.19,0.04,-0.13,0.14,-0.03,-0.06,0.12,-0.07,-0.03,0.12,-0.08,-0.08,0.10,-0.06,-0.20,0.03,-0.04,-0.33,-0.05,-0.02,-0.40,-0.15,-0.03,-0.38,-0.22,-0.06,-0.30,-0.27,-0.09,-0.24,-0.29,-0.11,-0.23,-0.32,-0.11,-0.26,-0.35,-0.11,-0.30,-0.40,-0.11,-0.30,-0.45,-0.14,-0.28,-0.50,-0.18,-0.26,-0.52,-0.21,-0.26,-0.50,-0.21,-0.27,-0.45,-0.18,-0.26,-0.39,-0.15,-0.23,-0.36,-0.13,-0.17,-0.37,-0.15,-0.13,-0.41,-0.18,-0.11,-0.45,-0.20,-0.12,-0.47,-0.20,-0.13,-0.46,-0.17,-0.12,-0.45,-0.14,-0.09,-0.42,-0.12,-0.05,-0.40,-0.13,-0.02,-0.36,-0.14,0.01,-0.31,-0.15,0.04,-0.25,-0.13,0.07,-0.20,-0.10,0.09,-0.15,-0.07,0.10,-0.11,-0.06,0.11,-0.06,-0.04,0.14,0.01,-0.02,0.18,0.10,0.03,0.22,0.19,0.09,0.24,0.26,0.15,0.25,0.33,0.20,0.25,0.39,0.23,0.26,0.47,0.21,0.27,0.54,0.15,0.29,0.61,0.08,0.28,0.64,0.06,0.27,0.64,0.12,0.26,0.63,0.25,0.26,0.61,0.38,0.27,0.62
-0.17,-0.51,-0.30,-0.17,-0.59,-0.24,-0.17,-0.63,-0.21,-0.16,-0.58,-0.18,-0.13,-0.45,-0.14,-0.10,-0.30,-0.10,-0.08,-0.19,-0.11,-0.06,-0.18,-0.23,-0.04,-0.22,-0.42,-0.01,-0.25,-0.53,0.01,-0.22,-0.42,0.03,-0.13,-0.08,0.04,-0.05,0.33,0.04,-0.02,0.57,0.05,-0.04,0.51,0.06,-0.05,0.27,0.09,-0.03,0.07,0.11,0.04,0.08,0.13,0.11,0.27,0.12,0.17,0.44,0.11,0.21,0.44,0.11,0.24,0.28,0.12,0.27,0.10,0.13,0.28,0.03,0.14,0.27,0.08,0.13,0.23,0.14,0.10,0.22,0.13,0.07,0.25,0.04,0.05,0.31,-0.03,0.05,0.37,-0.02,0.06,0.39,0.05,0.07,0.34,0.12,0.07,0.27,0.11,0.05,0.22,0.08,0.01,0.20,0.08,-0.02,0.20,0.16,-0.02,0.20,0.24,0.00,0.18,0.25,0.04,0.15,0.14,0.07,0.13,-0.03,0.07,0.13,-0.13,0.04,0.12,-0.14,-0.01,0.10,-0.08,-0.06,0.06,-0.05,-0.07,0.02,-0.06,-0.06,-0.01,-0.09,-0.05,-0.02,-0.07,-0.05,-0.04,0.00,-0.07,-0.08,0.08,-0.09,-0.12,0.09,-0.10,-0.16,0.03,-0.11,-0.18,-0.05,-0.11,-0.19,-0.08,-0.11,-0.18,-0.04,-0.11,-0.19,0.02,-0.10,-0.21,0.03,-0.08,-0.23,-0.04,-0.06,-0.24,-0.13,-0.04,-0.24,-0.18,-0.04,-0.23,-0.16,-0.05,-0.24,-0.10,-0.06,-0.25,-0.06,-0.05,-0.25,-0.08,-0.04,-0.23,-0.12,-0.03,-0.20,-0.16,-0.03,-0.17,-0.16,-0.01,-0.15,-0.14,0.06,-0.14,-0.11,0.15,-0.14,-0.08,0.22,-0.13,-0.05,0.21,-0.10,-0.01,0.11,-0.07,0.00,-0.05,-0.04,-0.03,-0.18,-0.02,-0.14,-0.22,-0.01,-0.27,-0.19,-0.00,-0.38,-0.11,0.01,-0.37,-0.04,0.04,-0.23,0.04,0.07,-0.00,0.14,0.12,0.25,0.25,0.19,0.45,0.34,0.28,0.59,0.36,0.36,0.66,0.28,0.39,0.71,0.16,0.32,0.75,0.07,0.12,0.75,0.09,-0.17,0.62,0.14,-0.43,0.23,0.11,-0.54,-0.49,-0.14,-0.42,-1.42,-0.59,-0.10,-2.20,-1.03,0.28,-2.40,-1.17,0.56,-1.79,-0.82,0.68,-0.56,-0.07,0.65,0.74,0.74,0.59,1.53,1.20,0.57,1.55,1.12,0.60,1.08,0.65,0.61,0.63,0.15,0.54,0.57,-0.05,0.38,0.86,0.06,0.18,1.10,0.27,-0.00,0.94,0.28,-0.14,0.37,0.02,-0.25,-0.27,-0.35,-0.33,-0.58,-0.60,-0.39,-0.41,-0.56,-0.40,0.04,-0.33,-0.37,0.41,-0.08,-0.33,0.49,0.04,-0.33,0.35,0.06,-0.38,0.18,0.06,-0.46,0.13,0.10,-0.49,0.14,0.16,-0.44,0.02,0.14,-0.34,-0.33,-0.01,-0.23,-0.83,-0.25,-0.18,-1.27,-0.44,-0.21,-1.43,-0.49,-0.28,-1.25,-0.38,-0.32,-0.83,-0.18,-0.29,-0.34,0.02,-0.18,0.08,0.17,-0.02,0.39,0.28,0.16,0.58,0.35,0.29,0.67,0.39,0.38,0.65,0.38,0.41,0.50,0.30,0.38,0.24,0.16,0.32,-0.11,-0.03,0.24,-0.49,-0.22,0.16,-0.83,-0.37,0.09,-1.05,-0.46,0.05,-1.13,-0.47,0.01,-1.03,-0.40,-0.02,-0.79,-0.29,-0.04,-0.49,-0.18,-0.06,-0.20,-0.09,-0.07,0.02,-0.02,-0.08,0.18,0.03,-0.09,0.31,0.10,-0.08,0.45,0.19,-0.06,0.64,0.28,-0.02,0.86,0.37,0.03,1.06,0.44,0.08,1.17,0.47,0.13,1.18,0.46,0.18,1.11,0.43,0.25,1.01,0.37,0.33,0.95,0.32,0.35,0.96,0.31,0.25,1.01,0.33,-0.01,1.02,0.35,-0.40,0.82,0.29,-0.75,0.31,0.07,-0.88,-0.52,-0.30,-0.69,-1.47,-0.73,-0.23,-2.21,-1.04,0.29,-2.42,-1.11,0.67,-2.02,-0.92,0.81,-1.20,-0.55,0.76,-0.37,-0.15,0.66,0.15,0.15,0.61,0.29,0.32,0.62,0.22,0.39,0.61,0.21,0.38,0.50,0.38,0.35,0.31,0.65,0.29,0.10,0.81,0.21,-0.06,0.76,0.15,-0.16,0.54,0.10,-0.25,0.31,0.08,-0.36,0.18,0.06,-0.50,0.13,0.01,-0.62,0.07,-0.06,-0.69,-0.06,-0.14,-0.71,-0.25,-0.18,-0.71,-0.40,-0.19,-0.70,-0.47,-0.19,-0.70,-0.47
-0.06,-0.05,-0.18,-0.01,-0.04,-0.12,0.04,-0.04,-0.03,0.08,-0.03,0.07,0.07,0.00,0.17,0.05,0.01,0.25,0.06,-0.07,0.33,0.11,-0.30,0.42,0.17,-0.67,0.44,0.16,-1.04,0.27,0.03,-1.25,-0.20,-0.20,-1.15,-0.95,-0.45,-0.78,-1.74,-0.63,-0.27,-2.25,-0.67,0.17,-2.21,-0.59,0.44,-1.63,-0.44,0.53,-0.79,-0.27,0.54,-0.02,-0.11,0.58,0.47,0.04,0.65,0.69,0.19,0.70,0.82,0.31,0.66,1.00,0.39,0.53,1.21,0.41,0.36,1.35,0.38,0.22,1.33,0.34,0.12,1.17,0.31,0.06,0.95,0.28,-0.01,0.78,0.25,-0.10,0.65,0.20,-0.20,0.55,0.14,-0.26,0.41,0.07,-0.29,0.25,0.01,-0.28,0.08,-0.03,-0.26,-0.07,-0.04,-0.26,-0.22,-0.04,-0.26,-0.38,-0.03,-0.23,-0.52,-0.04,-0.19,-0.62,-0.06,-0.14,-0.64,-0.08,-0.11,-0.60,-0.08,-0.09,-0.55,-0.07,-0.06,-0.53,-0.05,0.00,-0.54,-0.04,0.10,-0.54,-0.03,0.20,-0.49,-0.03,0.28,-0.37,-0.04,0.31,-0.22,-0.05,0.33,-0.10,-0.06,0.34,-0.03,-0.07,0.36,0.01,-0.08,0.37,0.04,-0.07,0.36,0.10,-0.06,0.32,0.19,-0.03,0.27,0.34,0.01,0.24,0.52,0.08,0.25,0.72,0.15,0.28,0.88,0.24,0.32,0.96,0.30,0.31,0.92,0.34,0.26,0.78,0.32,0.16,0.56,0.24,0.03,0.26,0.12,-0.12,-0.09,-0.03,-0.26,-0.50,-0.19,-0.38,-0.90,-0.35,-0.45,-1.20,-0.49,-0.49,-1.30,-0.57,-0.51,-1.17,-0.57,-0.53,-0.88,-0.46,-0.55,-0.54,-0.29,-0.57,-0.26,-0.10,-0.56,-0.10,0.03,-0.51,-0.01,0.08,-0.44,0.08,0.07,-0.37,0.20,0.03,-0.33,0.33,0.01,-0.31,0.41,0.03,-0.28,0.41,0.06,-0.22,0.34,0.10,-0.13,0.26,0.14,-0.04,0.20,0.17,0.04,0.19,0.20,0.09,0.19,0.23,0.14,0.20,0.24,0.18,0.20,0.24,0.25,0.24,0.23,0.33,0.33,0.19,0.41,0.44,0.15,0.48,0.55,0.11,0.53,0.61,0.07,0.54,0.62,0.03,0.47,0.59,0.01,0.30,0.51,-0.01,0.05,0.33,-0.04,-0.24,-0.00,-0.08,-0.45,-0.53,-0.14,-0.49,-1.17,-0.22,-0.35,-1.76,-0.29,-0.09,-2.09,-0.34,0.20,-2.03,-0.35,0.43,-1.61,-0.32,0.57,-1.00,-0.26,0.65,-0.44,-0.18,0.71,-0.05,-0.09,0.75,0.17,0.01,0.76,0.36,0.11,0.71,0.63,0.20,0.58,0.98,0.27,0.41,1.32,0.32,0.24,1.51,0.35,0.10,1.49,0.37,-0.04,1.32,0.39,-0.17,1.08,0.39,-0.30,0.86,0.35,-0.43,0.68,0.29,-0.53,0.53,0.19,-0.60,0.35,0.07,-0.64,0.15,-0.04,-0.67,-0.05,-0.14,-0.68,-0.22,-0.21,-0.68,-0.37,-0.26,-0.67,-0.49,-0.29,-0.63,-0.61,-0.30,-0.59,-0.70,-0.29,-0.54,-0.76,-0.27,-0.48,-0.76,-0.25,-0.41,-0.71,-0.22,-0.32,-0.63,-0.21,-0.22,-0.55,-0.20,-0.12,-0.49,-0.18,-0.03,-0.45,-0.16,0.04,-0.42,-0.12,0.10,-0.37,-0.08,0.17,-0.30,-0.05,0.24,-0.22,-0.02,0.30,-0.13,-0.00,0.35,-0.06,0.02,0.38,-0.01,0.05,0.42,0.03,0.09,0.45,0.08,0.14,0.46,0.13,0.18,0.43,0.20,0.20,0.39,0.28,0.20,0.34,0.39,0.17,0.33,0.54,0.14,0.37,0.74,0.11,0.44,0.94,0.09,0.48,1.08,0.11,0.47,1.10,0.15,0.40,0.97,0.22,0.29,0.69,0.28,0.18,0.28,0.28,0.08,-0.18,0.19,-0.02,-0.63,0.01,-0.12,-0.97,-0.19,-0.22,-1.15,-0.33,-0.30,-1.12,-0.37,-0.35,-0.93,-0.30,-0.38,-0.66,-0.17,-0.40,-0.40,-0.05,-0.42,-0.18,0.01,-0.43,-0.03,0.02,-0.43,0.09,0.00,-0.41,0.17,-0.01,-0.36,0.23,0.00,-0.31,0.26,0.02,-0.27,0.26,0.04,-0.23,0.26,0.05,-0.19,0.28,0.07,-0.13,0.32,0.09,-0.06,0.34,0.08,0.01,0.32,0.05,0.06,0.28,-0.00,0.10,0.23,-0.03,0.13,0.20,-0.03,0.17,0.19,0.01,0.20,0.16,0.05,0.23,0.10,0.06,0.24,0.02,0.03,0.24,-0.06
0.01,0.13,-0.05,-0.05,0.16,0.10,-0.12,0.20,0.27,-0.14,0.25,0.42,-0.10,0.31,0.51,-0.01,0.33,0.53,0.09,0.25,0.52,0.15,0.04,0.46,0.17,-0.30,0.33,0.15,-0.68,0.09,0.12,-0.97,-0.29,0.08,-1.02,-0.79,0.01,-0.80,-1.29,-0.12,-0.38,-1.64,-0.30,0.08,-1.75,-0.46,0.44,-1.59,-0.54,0.64,-1.24,-0.50,0.71,-0.78,-0.35,0.72,-0.27,-0.15,0.74,0.21,0.02,0.74,0.65,0.15,0.70,0.99,0.23,0.59,1.19,0.28,0.43,1.24,0.31,0.24,1.18,0.33,0.08,1.05,0.32,-0.05,0.92,0.29,-0.18,0.78,0.23,-0.32,0.64,0.17,-0.45,0.47,0.11,-0.56,0.27,0.05,-0.63,0.07,-0.02,-0.66,-0.10,-0.09,-0.68,-0.24,-0.14,-0.68,-0.36,-0.18,-0.66,-0.47,-0.19,-0.62,-0.57,-0.20,-0.55,-0.64,-0.19,-0.45,-0.65,-0.17,-0.36,-0.59,-0.14,-0.27,-0.48,-0.09,-0.18,-0.39,-0.04,-0.09,-0.32,0.01,0.02,-0.30,0.05,0.12,-0.32,0.06,0.21,-0.34,0.04,0.27,-0.35,-0.02,0.31,-0.32,-0.09,0.33,-0.23,-0.14,0.35,-0.03,-0.13,0.39,0.24,-0.03,0.43,0.52,0.15,0.49,0.74,0.35,0.54,0.83,0.46,0.55,0.78,0.42,0.53,0.66,0.25,0.47,0.49,0.04,0.39,0.29,-0.11,0.32,0.05,-0.16,0.27,-0.23,-0.15,0.22,-0.49,-0.16,0.16,-0.64,-0.22,0.10,-0.62,-0.28,0.04,-0.44,-0.30,-0.00,-0.18,-0.22,-0.03,0.05,-0.08,-0.05,0.20,0.06,-0.07,0.26,0.14,-0.12,0.28,0.15,-0.19,0.30,0.15,-0.25,0.29,0.16,-0.28,0.26,0.18,-0.27,0.20,0.22,-0.24,0.18,0.23,-0.20,0.22,0.23,-0.16,0.32,0.22,-0.11,0.45,0.19,-0.06,0.55,0.15,-0.05,0.60,0.08,-0.12,0.61,-0.01,-0.31,0.55,-0.11,-0.58,0.32,-0.22,-0.80,-0.15,-0.34,-0.85,-0.86,-0.47,-0.67,-1.61,-0.57,-0.33,-2.10,-0.60,0.05,-2.08,-0.53,0.31,-1.58,-0.36,0.42,-0.83,-0.13,0.43,-0.17,0.09,0.43,0.20,0.23,0.47,0.33,0.30,0.52,0.39,0.32,0.53,0.54,0.31,0.45,0.75,0.30,0.30,0.90,0.27,0.15,0.90,0.24,0.04,0.75,0.21,-0.04,0.58,0.18,-0.10,0.47,0.17,-0.16,0.42,0.15,-0.23,0.36,0.13,-0.27,0.23,0.08,-0.29,0.03,0.03,-0.28,-0.14,-0.02,-0.27,-0.23,-0.05,-0.27,-0.26,-0.09,-0.29,-0.28,-0.14,-0.29,-0.34,-0.19,-0.28,-0.43,-0.24,-0.23,-0.49,-0.25,-0.16,-0.50,-0.24,-0.07,-0.44,-0.21,0.02,-0.37,-0.19,0.10,-0.30,-0.19,0.17,-0.25,-0.18,0.22,-0.21,-0.15,0.26,-0.19,-0.08,0.29,-0.19,-0.01,0.31,-0.22,0.05,0.32,-0.23,0.07,0.29,-0.16,0.05,0.24,0.03,0.03,0.19,0.33,0.04,0.20,0.66,0.08,0.28,0.96,0.15,0.41,1.18,0.24,0.53,1.34,0.32,0.59,1.42,0.39,0.56,1.39,0.43,0.46,1.19,0.45,0.34,0.79,0.41,0.23,0.25,0.30,0.12,-0.33,0.12,0.00,-0.83,-0.11,-0.14,-1.18,-0.33,-0.28,-1.36,-0.48,-0.38,-1.39,-0.52,-0.43,-1.26,-0.45,-0.43,-0.98,-0.31,-0.44,-0.62,-0.16,-0.46,-0.26,-0.05,-0.50,-0.00,-0.01,-0.52,0.12,-0.00,-0.52,0.13,-0.01,-0.49,0.11,0.01,-0.46,0.13,0.05,-0.44,0.18,0.09,-0.41,0.23,0.12,-0.37,0.24,0.12,-0.29,0.21,0.11,-0.20,0.19,0.09,-0.12,0.17,0.08,-0.06,0.17,0.06,-0.02,0.15,0.03,0.02,0.11,-0.01,0.06,0.06,-0.04,0.12,0.01,-0.05,0.17,-0.03,-0.04,0.21,-0.07,-0.02,0.25,-0.13,-0.02,0.29,-0.21,-0.03,0.31,-0.25,-0.04,0.30,-0.23,-0.05,0.27,-0.13,-0.05,0.22,-0.03,-0.05,0.20,0.02,-0.06,0.21,-0.03,-0.08,0.23,-0.14,-0.09,0.24,-0.24,-0.09,0.22,-0.25,-0.07,0.19,-0.19,-0.04,0.17,-0.10,-0.01,0.15,-0.01,-0.01,0.14,0.06,-0.02,0.12,0.13,-0.00,0.08,0.19,0.05,0.05,0.23,0.12,0.04,0.21,0.16,0.05,0.14
-0.03,-0.04,-0.18,-0.06,-0.10,-0.18,-0.07,-0.13,-0.20,-0.05,-0.11,-0.21,-0.05,-0.08,-0.21,-0.05,-0.05,-0.19,-0.06,-0.05,-0.19,-0.05,-0.06,-0.22,-0.05,-0.06,-0.27,-0.05,-0.06,-0.31,-0.08,-0.04,-0.29,-0.12,-0.03,-0.22,-0.15,-0.01,-0.12,-0.15,0.03,-0.06,-0.12,0.07,-0.05,-0.06,0.11,-0.07,0.00,0.11,-0.09,0.04,0.08,-0.09,0.06,0.03,-0.07,0.06,0.01,-0.02,0.06,0.04,0.05,0.07,0.11,0.18,0.09,0.18,0.36,0.09,0.25,0.57,0.08,0.32,0.77,0.03,0.37,0.93,-0.02,0.33,1.04,-0.04,0.13,1.08,-0.02,-0.23,0.96,0.03,-0.66,0.56,0.05,-0.96,-0.18,-0.00,-0.96,-1.14,-0.15,-0.63,-1.98,-0.34,-0.12,-2.36,-0.46,0.35,-2.09,-0.42,0.61,-1.31,-0.22,0.66,-0.39,0.05,0.63,0.30,0.29,0.64,0.63,0.40,0.69,0.71,0.41,0.72,0.79,0.36,0.65,0.98,0.33,0.46,1.22,0.31,0.25,1.35,0.29,0.10,1.29,0.25,0.03,1.09,0.20,-0.02,0.88,0.16,-0.11,0.75,0.16,-0.25,0.66,0.16,-0.39,0.51,0.14,-0.47,0.26,0.08,-0.48,-0.02,-0.02,-0.46,-0.25,-0.12,-0.46,-0.38,-0.19,-0.48,-0.45,-0.23,-0.51,-0.54,-0.25,-0.50,-0.67,-0.28,-0.46,-0.81,-0.29,-0.39,-0.89,-0.30,-0.32,-0.90,-0.29,-0.26,-0.91,-0.28,-0.20,-0.97,-0.29,-0.14,-1.09,-0.31,-0.09,-1.18,-0.32,-0.07,-1.12,-0.29,-0.06,-0.87,-0.20,-0.04,-0.47,-0.08,0.02,-0.04,0.05,0.13,0.34,0.16,0.28,0.64,0.25,0.42,0.86,0.32,0.53,1.01,0.40,0.60,1.07,0.46,0.62,0.99,0.45,0.58,0.77,0.37,0.49,0.45,0.22,0.35,0.10,0.05,0.21,-0.25,-0.12,0.09,-0.58,-0.25,0.02,-0.85,-0.36,-0.03,-1.00,-0.44,-0.06,-0.95,-0.46,-0.10,-0.68,-0.39,-0.14,-0.28,-0.25,-0.18,0.14,-0.06,-0.19,0.43,0.10,-0.18,0.56,0.21,-0.16,0.59,0.25,-0.15,0.59,0.26,-0.15,0.63,0.26,-0.15,0.68,0.28,-0.13,0.72,0.30,-0.10,0.71,0.30,-0.07,0.67,0.26,-0.03,0.63,0.20,0.03,0.62,0.13,0.11,0.62,0.05,0.20,0.64,-0.03,0.29,0.65,-0.11,0.32,0.66,-0.15,0.27,0.66,-0.14,0.11,0.60,-0.07,-0.15,0.39,0.04,-0.47,-0.06,0.11,-0.74,-0.75,0.09,-0.85,-1.56,-0.02,-0.73,-2.25,-0.18,-0.40,-2.60,-0.30,0.02,-2.49,-0.35,0.40,-1.96,-0.32,0.63,-1.24,-0.27,0.69,-0.54,-0.22,0.67,-0.01,-0.16,0.63,0.34,-0.08,0.61,0.60,0.04,0.59,0.85,0.16,0.51,1.06,0.25,0.36,1.19,0.27,0.16,1.18,0.24,-0.02,1.03,0.21,-0.16,0.84,0.20,-0.26,0.66,0.21,-0.33,0.52,0.19,-0.42,0.39,0.12,-0.50,0.23,0.01,-0.56,0.04,-0.10,-0.57,-0.16,-0.16,-0.55,-0.33,-0.17,-0.51,-0.45,-0.16,-0.48,-0.50,-0.16,-0.47,-0.50,-0.18,-0.45,-0.48,-0.20,-0.41,-0.47,-0.20,-0.34,-0.52,-0.19,-0.24,-0.63,-0.18,-0.14,-0.76,-0.21,-0.07,-0.82,-0.24,-0.01,-0.75,-0.23,0.03,-0.51,-0.15,0.10,-0.19,-0.00,0.19,0.12,0.15,0.31,0.32,0.25,0.41,0.40,0.24,0.49,0.39,0.17,0.54,0.36,0.08,0.55,0.37,0.02,0.54,0.44,0.01,0.51,0.54,0.03,0.46,0.65,0.09,0.42,0.76,0.18,0.39,0.87,0.31,0.39,0.94,0.44,0.42,0.96,0.54,0.45,0.91,0.56,0.44,0.79,0.49,0.39,0.60,0.33,0.29,0.35,0.14,0.15,0.03,-0.04,0.01,-0.35,-0.19,-0.11,-0.77,-0.31,-0.22,-1.13,-0.40,-0.31,-1.33,-0.47,-0.38,-1.31,-0.48,-0.44,-1.08,-0.43,-0.49,-0.74,-0.33,-0.51,-0.42,-0.21,-0.52,-0.18,-0.11,-0.51,-0.05,-0.05,-0.48,0.04,-0.02,-0.44,0.11,-0.01,-0.37,0.19,0.00,-0.29,0.26,0.03,-0.22,0.30,0.05,-0.18,0.30,0.08,-0.19,0.30,0.10,-0.22,0.31,0.12,-0.22,0.31,0.12,-0.17,0.29,0.12,-0.07,0.23,0.09,0.03,0.15
0.04,0.05,0.07,0.03,0.05,0.13,0.04,0.02,0.21,0.06,-0.01,0.31,0.09,-0.04,0.39,0.10,-0.09,0.39,0.07,-0.17,0.29,-0.02,-0.27,0.07,-0.13,-0.35,-0.23,-0.24,-0.38,-0.58,-0.29,-0.33,-0.90,-0.25,-0.23,-1.13,-0.16,-0.09,-1.23,-0.08,0.06,-1.19,-0.08,0.19,-1.00,-0.15,0.32,-0.70,-0.24,0.42,-0.33,-0.27,0.49,0.03,-0.22,0.51,0.34,-0.12,0.48,0.56,-0.02,0.40,0.70,0.02,0.29,0.77,0.01,0.18,0.79,0.00,0.07,0.76,0.02,-0.03,0.70,0.08,-0.11,0.57,0.13,-0.16,0.41,0.16,-0.18,0.21,0.14,-0.20,0.02,0.10,-0.25,-0.15,0.07,-0.33,-0.29,0.04,-0.43,-0.38,0.03,-0.49,-0.44,0.01,-0.48,-0.48,-0.02,-0.41,-0.49,-0.03,-0.33,-0.49,-0.01,-0.26,-0.46,0.01,-0.23,-0.41,0.03,-0.19,-0.36,0.04,-0.13,-0.34,0.01,-0.04,-0.35,-0.01,0.04,-0.40,-0.03,0.09,-0.44,-0.03,0.10,-0.42,-0.01,0.08,-0.32,0.02,0.07,-0.15,0.07,0.08,0.05,0.11,0.13,0.27,0.14,0.22,0.51,0.12,0.34,0.77,0.09,0.46,1.03,0.06,0.58,1.23,0.08,0.64,1.31,0.16,0.64,1.19,0.26,0.58,0.90,0.31,0.48,0.51,0.26,0.37,0.15,0.12,0.26,-0.12,-0.06,0.17,-0.27,-0.21,0.08,-0.35,-0.29,-0.02,-0.40,-0.30,-0.13,-0.45,-0.26,-0.22,-0.48,-0.21,-0.28,-0.46,-0.15,-0.32,-0.39,-0.10,-0.33,-0.30,-0.06,-0.32,-0.22,-0.05,-0.31,-0.15,-0.07,-0.29,-0.09,-0.10,-0.27,-0.01,-0.10,-0.25,0.08,-0.06,-0.24,0.17,0.01,-0.23,0.21,0.08,-0.21,0.19,0.10,-0.18,0.14,0.06,-0.14,0.08,0.01,-0.10,0.04,0.00,-0.08,0.02,0.04,-0.07,0.01,0.10,-0.08,-0.01,0.12,-0.07,-0.02,0.10,-0.03,0.01,0.04,0.05,0.11,-0.01,0.15,0.25,-0.02,0.25,0.40,-0.01,0.30,0.50,-0.01,0.25,0.48,-0.03,0.09,0.30,-0.08,-0.15,-0.06,-0.12,-0.38,-0.57,-0.13,-0.52,-1.16,-0.13,-0.51,-1.69,-0.12,-0.35,-2.01,-0.13,-0.13,-2.02,-0.13,0.09,-1.71,-0.11,0.24,-1.20,-0.08,0.33,-0.63,-0.06,0.38,-0.14,-0.06,0.43,0.24,-0.05,0.46,0.55,-0.00,0.47,0.85,0.10,0.43,1.14,0.23,0.36,1.36,0.32,0.28,1.45,0.34,0.21,1.40,0.29,0.14,1.26,0.21,0.08,1.10,0.18,-0.01,0.95,0.18,-0.12,0.80,0.20,-0.21,0.62,0.18,-0.27,0.41,0.11,-0.29,0.18,0.01,-0.28,-0.01,-0.06,-0.27,-0.14,-0.10,-0.26,-0.21,-0.11,-0.26,-0.25,-0.13,-0.24,-0.28,-0.15,-0.20,-0.29,-0.16,-0.16,-0.29,-0.15,-0.12,-0.26,-0.12,-0.11,-0.23,-0.08,-0.10,-0.21,-0.03,-0.08,-0.22,0.03,-0.03,-0.27,0.09,0.03,-0.37,0.10,0.11,-0.52,0.02,0.17,-0.70,-0.16,0.19,-0.87,-0.35,0.16,-0.93,-0.45,0.10,-0.81,-0.38,0.04,-0.49,-0.17,0.02,-0.05,0.08,0.06,0.38,0.24,0.18,0.72,0.25,0.35,0.94,0.18,0.49,1.08,0.12,0.57,1.17,0.13,0.56,1.15,0.20,0.47,0.99,0.26,0.35,0.64,0.26,0.24,0.18,0.18,0.12,-0.29,0.06,0.00,-0.65,-0.06,-0.13,-0.87,-0.16,-0.27,-0.97,-0.24,-0.38,-1.00,-0.28,-0.44,-0.98,-0.28,-0.46,-0.92,-0.23,-0.48,-0.79,-0.14,-0.50,-0.60,-0.05,-0.52,-0.41,-0.01,-0.51,-0.23,-0.01,-0.47,-0.08,-0.03,-0.41,0.06,-0.04,-0.34,0.19,-0.00,-0.29,0.32,0.07,-0.26,0.43,0.14,-0.22,0.50,0.17,-0.15,0.53,0.14,-0.06,0.54,0.06,0.03,0.52,-0.03,0.11,0.47,-0.08,0.16,0.40,-0.05,0.19,0.31,0.02,0.21,0.23,0.10,0.23,0.19,0.14,0.26,0.18,0.12,0.29,0.17,0.08,0.31,0.14,0.06,0.32,0.09,0.06,0.31,0.03,0.09,0.31,-0.01,0.09,0.31,-0.04,0.07,0.31,-0.06,0.02,0.32,-0.10,-0.02,0.30,-0.15,-0.02,0.27,-0.18,-0.00,0.21,-0.18,0.01,0.15,-0.15,-0.00,0.09,-0.10
0.04,0.03,0.04,0.04,0.03,0.24,0.04,0.03,0.47,0.04,0.03,0.70,0.03,-0.01,0.87,0.04,-0.10,0.95,0.07,-0.23,0.87,0.12,-0.35,0.51,0.16,-0.40,-0.16,0.12,-0.34,-1.04,-0.01,-0.18,-1.88,-0.21,0.04,-2.33,-0.37,0.23,-2.15,-0.39,0.36,-1.38,-0.24,0.39,-0.33,0.01,0.37,0.60,0.22,0.31,1.10,0.30,0.25,1.18,0.22,0.19,1.01,0.07,0.11,0.81,-0.07,0.04,0.71,-0.15,-0.03,0.68,-0.19,-0.08,0.66,-0.23,-0.11,0.61,-0.24,-0.15,0.54,-0.21,-0.19,0.50,-0.10,-0.22,0.47,0.06,-0.25,0.42,0.20,-0.28,0.30,0.25,-0.30,0.13,0.19,-0.31,-0.04,0.09,-0.33,-0.19,0.04,-0.32,-0.31,0.06,-0.28,-0.44,0.11,-0.23,-0.58,0.12,-0.17,-0.70,0.07,-0.13,-0.76,-0.01,-0.09,-0.74,-0.07,-0.04,-0.66,-0.04,0.02,-0.56,0.03,0.09,-0.48,0.10,0.16,-0.43,0.12,0.21,-0.42,0.09,0.24,-0.46,0.05,0.24,-0.53,0.04,0.21,-0.60,0.08,0.17,-0.64,0.14,0.10,-0.59,0.15,0.04,-0.40,0.07,0.01,-0.06,-0.09,0.05,0.38,-0.29,0.16,0.84,-0.45,0.30,1.21,-0.48,0.43,1.43,-0.37,0.50,1.45,-0.14,0.51,1.29,0.10,0.45,1.02,0.25,0.37,0.71,0.26,0.28,0.42,0.16,0.19,0.15,0.02,0.08,-0.10,-0.07,-0.04,-0.33,-0.10,-0.17,-0.53,-0.09,-0.29,-0.66,-0.07,-0.36,-0.69,-0.06,-0.39,-0.65,-0.04,-0.39,-0.55,-0.01,-0.38,-0.46,0.03,-0.40,-0.37,0.05,-0.43,-0.28,0.03,-0.44,-0.17,-0.02,-0.43,-0.03,-0.05,-0.37,0.10,-0.03,-0.30,0.20,0.02,-0.24,0.28,0.09,-0.20,0.32,0.11,-0.13,0.34,0.10,-0.03,0.35,0.06,0.11,0.34,0.03,0.24,0.31,0.02,0.30,0.24,0.03,0.27,0.16,0.03,0.19,0.07,0.03,0.12,-0.02,0.02,0.10,-0.11,0.03,0.14,-0.15,0.03,0.19,-0.10,0.02,0.24,0.07,-0.03,0.27,0.36,-0.09,0.28,0.69,-0.12,0.29,0.94,-0.08,0.25,1.01,0.05,0.15,0.81,0.23,-0.00,0.32,0.37,-0.14,-0.41,0.37,-0.19,-1.23,0.22,-0.11,-1.93,-0.02,0.05,-2.29,-0.21,0.18,-2.20,-0.25,0.23,-1.70,-0.12,0.18,-1.03,0.09,0.10,-0.44,0.22,0.04,-0.09,0.19,0.03,0.04,0.03,0.03,0.09,-0.17,0.01,0.22,-0.28,-0.05,0.47,-0.28,-0.11,0.76,-0.23,-0.13,0.98,-0.19,-0.09,1.07,-0.19,-0.04,1.06,-0.19,-0.04,1.01,-0.16,-0.12,0.96,-0.09,-0.26,0.88,-0.02,-0.38,0.75,0.01,-0.42,0.57,-0.02,-0.37,0.41,-0.05,-0.29,0.29,-0.05,-0.23,0.21,0.01,-0.23,0.13,0.09,-0.26,-0.00,0.11,-0.28,-0.18,0.07,-0.26,-0.35,-0.00,-0.18,-0.46,-0.06,-0.09,-0.50,-0.05,0.00,-0.53,0.01,0.07,-0.59,0.06,0.12,-0.66,0.08,0.16,-0.69,0.07,0.20,-0.63,0.05,0.24,-0.47,0.06,0.28,-0.28,0.10,0.31,-0.11,0.13,0.33,-0.02,0.15,0.34,0.02,0.15,0.33,0.05,0.15,0.33,0.09,0.15,0.33,0.12,0.16,0.34,0.10,0.15,0.33,0.04,0.10,0.30,0.00,0.01,0.26,0.07,-0.09,0.21,0.30,-0.16,0.19,0.64,-0.16,0.19,0.98,-0.09,0.20,1.15,0.02,0.19,1.09,0.13,0.14,0.82,0.19,0.04,0.43,0.19,-0.09,0.02,0.13,-0.21,-0.35,0.04,-0.29,-0.68,-0.05,-0.34,-0.95,-0.11,-0.37,-1.15,-0.15,-0.39,-1.23,-0.18,-0.42,-1.14,-0.20,-0.44,-0.90,-0.22,-0.43,-0.59,-0.24,-0.40,-0.30,-0.23,-0.37,-0.09,-0.20,-0.33,0.05,-0.16,-0.31,0.15,-0.11,-0.29,0.25,-0.06,-0.25,0.33,-0.01,-0.20,0.39,0.02,-0.14,0.42,0.04,-0.07,0.42,0.04,-0.01,0.42,0.03,0.03,0.41,0.03,0.07,0.40,0.03,0.09,0.35,0.04,0.12,0.29,0.07,0.16,0.23,0.09,0.19,0.19,0.10,0.22,0.16,0.09,0.25,0.14,0.08,0.27,0.09,0.07,0.29,0.03,0.06,0.29,-0.04,0.06,0.28,-0.08
0.01,-0.20,-0.07,0.01,-0.17,-0.03,0.01,-0.06,0.02,0.00,0.07,0.06,-0.00,0.14,0.09,-0.00,0.13,0.10,0.01,0.05,0.09,0.01,-0.01,0.04,0.02,-0.01,-0.02,0.01,0.03,-0.07,0.01,0.07,-0.06,0.00,0.07,-0.01,0.00,0.02,0.07,0.01,-0.04,0.11,0.02,-0.07,0.08,0.03,-0.06,0.02,0.04,-0.04,-0.02,0.06,-0.03,0.01,0.07,-0.03,0.13,0.07,-0.04,0.27,0.06,-0.02,0.39,0.03,0.03,0.49,-0.01,0.09,0.60,-0.04,0.11,0.76,-0.07,0.04,0.94,-0.06,-0.16,1.03,-0.03,-0.44,0.85,0.01,-0.71,0.30,0.02,-0.81,-0.59,-0.04,-0.67,-1.56,-0.16,-0.32,-2.25,-0.26,0.09,-2.38,-0.27,0.39,-1.91,-0.11,0.50,-1.09,0.16,0.49,-0.30,0.39,0.47,0.16,0.46,0.52,0.29,0.33,0.64,0.27,0.07,0.73,0.35,-0.15,0.70,0.61,-0.25,0.57,0.93,-0.23,0.39,1.14,-0.16,0.24,1.14,-0.10,0.13,1.01,-0.05,0.04,0.89,0.02,-0.09,0.85,0.13,-0.24,0.84,0.25,-0.37,0.75,0.28,-0.44,0.51,0.18,-0.44,0.18,0.01,-0.43,-0.15,-0.15,-0.45,-0.38,-0.21,-0.50,-0.53,-0.18,-0.54,-0.63,-0.12,-0.52,-0.74,-0.10,-0.44,-0.82,-0.13,-0.34,-0.85,-0.17,-0.27,-0.80,-0.15,-0.24,-0.72,-0.07,-0.22,-0.66,0.01,-0.18,-0.67,0.06,-0.11,-0.73,0.06,-0.03,-0.76,0.04,0.03,-0.70,0.02,0.08,-0.55,0.01,0.12,-0.31,0.02,0.18,-0.06,0.02,0.27,0.17,0.02,0.35,0.35,0.04,0.42,0.51,0.06,0.47,0.67,0.08,0.50,0.85,0.08,0.53,1.04,0.08,0.57,1.18,0.07,0.57,1.20,0.10,0.52,1.05,0.14,0.41,0.73,0.17,0.25,0.29,0.15,0.09,-0.17,0.07,-0.04,-0.55,-0.03,-0.12,-0.79,-0.12,-0.18,-0.88,-0.15,-0.22,-0.83,-0.14,-0.25,-0.65,-0.10,-0.28,-0.41,-0.06,-0.29,-0.16,-0.02,-0.29,0.07,0.00,-0.28,0.22,0.01,-0.26,0.32,-0.01,-0.24,0.39,-0.04,-0.22,0.45,-0.07,-0.19,0.49,-0.06,-0.16,0.50,-0.01,-0.13,0.45,0.06,-0.10,0.34,0.11,-0.08,0.22,0.12,-0.06,0.14,0.08,-0.04,0.16,0.03,-0.02,0.25,-0.01,0.03,0.40,-0.01,0.10,0.52,0.01,0.20,0.57,0.03,0.28,0.49,0.02,0.32,0.31,-0.02,0.28,0.07,-0.08,0.14,-0.18,-0.12,-0.06,-0.39,-0.11,-0.26,-0.57,-0.04,-0.43,-0.80,0.05,-0.51,-1.10,0.11,-0.50,-1.48,0.07,-0.39,-1.83,-0.07,-0.21,-2.01,-0.23,0.00,-1.92,-0.33,0.20,-1.54,-0.31,0.36,-0.99,-0.18,0.46,-0.43,-0.01,0.52,0.04,0.11,0.54,0.39,0.15,0.53,0.69,0.12,0.49,0.99,0.07,0.41,1.28,0.04,0.30,1.48,0.06,0.16,1.49,0.11,0.03,1.32,0.18,-0.08,1.06,0.23,-0.17,0.82,0.24,-0.25,0.66,0.22,-0.33,0.56,0.15,-0.39,0.43,0.07,-0.42,0.24,-0.01,-0.42,0.02,-0.05,-0.40,-0.17,-0.07,-0.37,-0.26,-0.08,-0.33,-0.28,-0.09,-0.30,-0.27,-0.11,-0.25,-0.27,-0.12,-0.19,-0.29,-0.11,-0.13,-0.30,-0.07,-0.08,-0.29,-0.03,-0.04,-0.27,-0.00,-0.01,-0.24,-0.02,0.03,-0.23,-0.06,0.08,-0.21,-0.10,0.13,-0.20,-0.11,0.19,-0.21,-0.09,0.22,-0.26,-0.04,0.24,-0.33,-0.01,0.24,-0.37,0.00,0.26,-0.32,-0.00,0.28,-0.15,-0.01,0.32,0.12,0.01,0.35,0.40,0.05,0.37,0.60,0.11,0.38,0.71,0.15,0.39,0.77,0.16,0.41,0.80,0.13,0.42,0.81,0.08,0.40,0.75,0.03,0.33,0.59,0.02,0.23,0.34,0.05,0.10,0.04,0.10,-0.02,-0.26,0.14,-0.11,-0.54,0.12,-0.20,-0.80,0.04,-0.28,-1.03,-0.10,-0.36,-1.16,-0.23,-0.43,-1.14,-0.29,-0.47,-0.96,-0.28,-0.48,-0.69,-0.20,-0.48,-0.43,-0.10,-0.49,-0.24,-0.01,-0.49,-0.14,0.03,-0.49,-0.06,0.04,-0.45,0.04,0.03,-0.39,0.16,0.02,-0.32,0.27,0.02,-0.26,0.35,0.02,-0.22,0.39,0.02,-0.19,0.40
0.17,0.03,0.22,0.18,0.07,0.25,0.13,0.12,0.24,0.06,0.16,0.23,-0.00,0.16,0.26,-0.03,0.10,0.35,-0.04,-0.06,0.45,-0.05,-0.31,0.46,-0.06,-0.57,0.29,-0.08,-0.77,-0.09,-0.11,-0.81,-0.64,-0.13,-0.65,-1.21,-0.16,-0.34,-1.63,-0.21,0.02,-1.79,-0.25,0.33,-1.63,-0.27,0.53,-1.22,-0.24,0.63,-0.68,-0.14,0.69,-0.16,-0.01,0.73,0.26,0.11,0.76,0.56,0.20,0.73,0.79,0.24,0.64,0.96,0.25,0.51,1.08,0.25,0.37,1.14,0.25,0.26,1.13,0.25,0.16,1.06,0.24,0.06,0.94,0.21,-0.09,0.80,0.17,-0.25,0.64,0.14,-0.40,0.45,0.10,-0.49,0.24,0.06,-0.51,0.03,-0.02,-0.50,-0.15,-0.11,-0.49,-0.30,-0.20,-0.50,-0.41,-0.24,-0.52,-0.49,-0.25,-0.51,-0.55,-0.22,-0.47,-0.56,-0.19,-0.40,-0.54,-0.17,-0.33,-0.51,-0.16,-0.26,-0.47,-0.16,-0.18,-0.46,-0.15,-0.08,-0.45,-0.13,0.04,-0.40,-0.12,0.15,-0.29,-0.09,0.25,-0.16,-0.04,0.31,-0.05,0.03,0.34,-0.02,0.10,0.35,-0.08,0.14,0.32,-0.14,0.14,0.27,-0.13,0.11,0.22,0.03,0.10,0.21,0.31,0.13,0.25,0.62,0.18,0.35,0.84,0.21,0.43,0.91,0.20,0.47,0.83,0.15,0.42,0.64,0.10,0.33,0.39,0.09,0.24,0.11,0.09,0.16,-0.19,0.07,0.11,-0.47,-0.00,0.05,-0.67,-0.10,-0.03,-0.74,-0.17,-0.10,-0.67,-0.16,-0.15,-0.51,-0.10,-0.18,-0.32,-0.04,-0.20,-0.17,-0.04,-0.23,-0.07,-0.09,-0.29,0.01,-0.13,-0.34,0.09,-0.12,-0.36,0.16,-0.04,-0.34,0.21,0.04,-0.30,0.22,0.07,-0.26,0.21,0.02,-0.24,0.21,-0.05,-0.23,0.23,-0.08,-0.20,0.28,-0.04,-0.15,0.32,0.03,-0.10,0.36,0.08,-0.06,0.41,0.08,-0.02,0.46,0.04,-0.00,0.53,0.01,-0.00,0.55,0.01,-0.04,0.49,0.03,-0.12,0.28,0.02,-0.22,-0.07,-0.02,-0.29,-0.50,-0.08,-0.28,-0.93,-0.11,-0.17,-1.24,-0.10,0.00,-1.39,-0.07,0.19,-1.35,-0.07,0.33,-1.19,-0.11,0.42,-0.94,-0.17,0.48,-0.66,-0.18,0.52,-0.35,-0.10,0.55,-0.01,0.05,0.56,0.33,0.18,0.53,0.63,0.25,0.45,0.83,0.24,0.35,0.91,0.20,0.25,0.89,0.16,0.17,0.82,0.14,0.10,0.76,0.12,0.02,0.71,0.10,-0.09,0.65,0.08,-0.20,0.56,0.07,-0.31,0.42,0.07,-0.38,0.26,0.07,-0.41,0.09,0.02,-0.40,-0.05,-0.06,-0.36,-0.17,-0.14,-0.33,-0.24,-0.17,-0.31,-0.28,-0.15,-0.30,-0.31,-0.10,-0.31,-0.36,-0.08,-0.30,-0.42,-0.09,-0.26,-0.50,-0.12,-0.20,-0.53,-0.14,-0.12,-0.48,-0.10,-0.03,-0.34,-0.03,0.05,-0.18,0.05,0.13,-0.09,0.12,0.22,-0.11,0.14,0.28,-0.24,0.11,0.30,-0.40,0.00,0.24,-0.49,-0.19,0.10,-0.41,-0.43,-0.04,-0.14,-0.57,-0.11,0.28,-0.47,-0.04,0.75,-0.10,0.16,1.13,0.40,0.40,1.30,0.76,0.56,1.24,0.78,0.59,1.01,0.49,0.49,0.70,0.12,0.35,0.39,-0.07,0.22,0.08,-0.00,0.13,-0.25,0.19,0.06,-0.60,0.27,-0.03,-0.92,0.11,-0.12,-1.12,-0.18,-0.20,-1.13,-0.40,-0.26,-0.97,-0.41,-0.28,-0.72,-0.25,-0.30,-0.47,-0.08,-0.31,-0.27,-0.03,-0.32,-0.13,-0.11,-0.33,-0.00,-0.21,-0.33,0.12,-0.23,-0.32,0.22,-0.15,-0.30,0.29,-0.04,-0.26,0.32,0.01,-0.19,0.34,0.02,-0.11,0.37,0.02,-0.04,0.40,0.05,0.00,0.41,0.10,-0.00,0.40,0.13,-0.03,0.35,0.12,-0.04,0.29,0.07,-0.02,0.22,0.05,0.04,0.16,0.06,0.11,0.10,0.09,0.15,0.04,0.09,0.16,-0.02,0.07,0.16,-0.07,0.03,0.16,-0.10,0.02,0.17,-0.13,0.05,0.18,-0.16,0.08,0.18,-0.21,0.08,0.16,-0.24,0.03,0.15,-0.26,-0.04,0.14,-0.25,-0.07,0.14,-0.22,-0.05,0.14,-0.19,-0.00,0.12,-0.18,0.02,0.08,-0.17,0.01,0.04,-0.16,-0.03,0.01,-0.13,-0.05,-0.01,-0.09
0.09,0.10,-0.02,0.11,-0.03,0.05,0.12,-0.14,0.12,0.10,-0.15,0.21,0.05,-0.07,0.31,-0.01,0.02,0.39,-0.06,0.01,0.39,-0.08,-0.15,0.24,-0.08,-0.39,-0.13,-0.11,-0.58,-0.69,-0.18,-0.59,-1.28,-0.27,-0.42,-1.67,-0.30,-0.14,-1.69,-0.23,0.11,-1.31,-0.05,0.25,-0.68,0.16,0.32,-0.05,0.31,0.38,0.41,0.35,0.46,0.65,0.29,0.55,0.76,0.20,0.57,0.85,0.14,0.50,0.97,0.11,0.37,1.05,0.08,0.25,1.03,0.05,0.16,0.89,0.02,0.10,0.68,-0.00,0.03,0.49,0.01,-0.08,0.35,0.03,-0.19,0.24,0.03,-0.26,0.13,-0.02,-0.28,-0.01,-0.10,-0.27,-0.14,-0.16,-0.26,-0.25,-0.17,-0.28,-0.32,-0.15,-0.31,-0.37,-0.11,-0.33,-0.43,-0.10,-0.31,-0.48,-0.13,-0.27,-0.51,-0.16,-0.23,-0.50,-0.19,-0.21,-0.46,-0.17,-0.19,-0.42,-0.13,-0.16,-0.41,-0.05,-0.10,-0.42,0.04,-0.03,-0.41,0.13,0.05,-0.35,0.18,0.11,-0.24,0.17,0.16,-0.12,0.09,0.20,-0.02,-0.02,0.24,0.08,-0.09,0.27,0.22,-0.09,0.27,0.41,-0.03,0.26,0.63,0.03,0.24,0.83,0.07,0.25,0.94,0.08,0.27,0.92,0.08,0.30,0.78,0.10,0.31,0.57,0.14,0.29,0.32,0.15,0.22,0.07,0.12,0.13,-0.16,0.06,0.03,-0.37,0.01,-0.05,-0.54,-0.01,-0.11,-0.66,0.01,-0.14,-0.72,0.01,-0.17,-0.68,-0.00,-0.19,-0.57,-0.04,-0.21,-0.40,-0.07,-0.23,-0.21,-0.06,-0.23,-0.06,-0.02,-0.22,0.04,0.02,-0.20,0.10,0.04,-0.18,0.13,0.03,-0.17,0.17,0.01,-0.15,0.23,-0.02,-0.12,0.29,-0.03,-0.08,0.32,-0.03,-0.04,0.32,-0.02,-0.01,0.27,-0.00,-0.02,0.19,0.01,-0.04,0.10,0.01,-0.05,0.03,0.00,-0.01,-0.03,-0.02,0.07,-0.07,-0.03,0.16,-0.11,-0.02,0.21,-0.13,0.00,0.22,-0.09,0.02,0.21,0.00,0.01,0.22,0.15,-0.02,0.27,0.32,-0.08,0.30,0.47,-0.11,0.25,0.55,-0.10,0.05,0.56,-0.03,-0.25,0.46,0.08,-0.57,0.19,0.15,-0.79,-0.28,0.15,-0.81,-0.91,0.04,-0.64,-1.54,-0.16,-0.35,-1.98,-0.36,-0.02,-2.03,-0.48,0.25,-1.65,-0.46,0.43,-1.00,-0.31,0.53,-0.33,-0.09,0.57,0.16,0.11,0.59,0.41,0.25,0.59,0.54,0.30,0.57,0.68,0.29,0.53,0.91,0.24,0.43,1.17,0.19,0.27,1.35,0.18,0.07,1.37,0.21,-0.13,1.24,0.25,-0.27,1.05,0.28,-0.31,0.87,0.26,-0.27,0.70,0.18,-0.23,0.53,0.06,-0.23,0.31,-0.03,-0.31,0.09,-0.07,-0.40,-0.11,-0.08,-0.44,-0.25,-0.07,-0.42,-0.32,-0.10,-0.35,-0.38,-0.15,-0.30,-0.44,-0.20,-0.29,-0.51,-0.22,-0.29,-0.56,-0.18,-0.27,-0.58,-0.12,-0.19,-0.57,-0.07,-0.08,-0.54,-0.05,0.03,-0.51,-0.04,0.11,-0.52,-0.03,0.16,-0.56,-0.01,0.19,-0.62,-0.00,0.21,-0.67,-0.03,0.21,-0.64,-0.08,0.19,-0.48,-0.12,0.17,-0.17,-0.12,0.18,0.23,-0.10,0.25,0.62,-0.06,0.36,0.90,-0.03,0.46,1.02,0.01,0.52,1.01,0.09,0.51,0.90,0.21,0.46,0.73,0.35,0.39,0.47,0.44,0.32,0.13,0.43,0.24,-0.27,0.29,0.15,-0.64,0.08,0.05,-0.89,-0.12,-0.04,-0.94,-0.24,-0.11,-0.81,-0.26,-0.16,-0.57,-0.20,-0.21,-0.32,-0.12,-0.28,-0.11,-0.08,-0.37,0.05,-0.07,-0.45,0.15,-0.10,-0.49,0.21,-0.12,-0.49,0.21,-0.12,-0.44,0.19,-0.10,-0.39,0.16,-0.05,-0.34,0.18,0.01,-0.31,0.27,0.06,-0.29,0.40,0.07,-0.25,0.52,0.06,-0.19,0.54,0.02,-0.12,0.45,-0.01,-0.05,0.28,-0.01,0.01,0.11,0.03,0.05,0.02,0.07,0.08,0.01,0.09,0.11,0.05,0.08,0.13,0.07,0.05,0.15,0.04,0.03,0.18,-0.04,0.02,0.21,-0.11,0.03,0.25,-0.15,0.05,0.26,-0.16,0.05,0.25,-0.15,0.05,0.22,-0.16,0.03,0.19,-0.19,0.01,0.17,-0.21,0.01,0.17,-0.21,0.01,0.17,-0.20
