Frequency,Nominal,Min,Max
118,1.6404327825909392e-7,1.5315609389152557e-7,1.6404327825909392e-7
120,1.6412782747162253e-7,1.5320175110461748e-7,1.6412782747162253e-7
122,1.6421377164283827e-7,1.5324816158860065e-7,1.6421377164283827e-7
125,1.643453007237152e-7,1.5331918817159516e-7,1.643453007237152e-7
128,1.6447996139917173e-7,1.5339190564956355e-7,1.6447996139917173e-7
130,1.6457147281727257e-7,1.5344132214647106e-7,1.6457147281727257e-7
132,1.646643728224509e-7,1.5349148832474717e-7,1.646643728224509e-7
135,1.6480632353905993e-7,1.5356814160046343e-7,1.6480632353905993e-7
138,1.6495139108504382e-7,1.5364647739093382e-7,1.6495139108504382e-7
140,1.650498320901314e-7,1.5369963468428515e-7,1.650498320901314e-7
142,1.6514965493588237e-7,1.53753537800369e-7,1.6514965493588237e-7
145,1.6530197710739346e-7,1.5383578913118174e-7,1.6530197710739346e-7
148,1.654574005308151e-7,1.539197139954006e-7,1.654574005308151e-7
150,1.6556273668556838e-7,1.5397659226005622e-7,1.6556273668556838e-7
155,1.6583208839952096e-7,1.5412203097867514e-7,1.6583208839952096e-7
160,1.661100093269046e-7,1.5427209178695801e-7,1.661100093269046e-7
165,1.6639647607109093e-7,1.5442676078034386e-7,1.6645505402198543e-7
170,1.6669146478433685e-7,1.5458602365323285e-7,1.66831986616412e-7
175,1.669949511911524e-7,1.547498657024998e-7,1.6722000127401703e-7
180,1.6730691061182288e-7,1.5491827183107761e-7,1.676190847394482e-7
185,1.6762731798604975e-7,1.5509122655160664e-7,1.6802922359764185e-7
190,1.6795614789666204e-7,1.552687139901475e-7,1.6845040428854314e-7
195,1.682933745933613e-7,1.5545071788995408e-7,1.688826131216678e-7
200,1.686389720164562e-7,1.5563722161530418e-7,1.693258362904646e-7
205,1.6899291382054484e-7,1.558282081553845e-7,1.697800598864435e-7
210,1.6935517339810362e-7,1.5602366012822684e-7,1.7024526991303132e-7
215,1.697257239029416e-7,1.562235597846929e-7,1.7072368647056443e-7
220,1.7010453827347718e-7,1.5642036686564123e-7,1.7122225015817557e-7
225,1.7049158925579774e-7,1.5661813122666615e-7,1.7173211942201495e-7
230,1.708868494264603e-7,1.5681999816473413e-7,1.7225328668404597e-7
235,1.7129029121499225e-7,1.5702594582130816e-7,1.727857444802223e-7
240,1.717018869260525e-7,1.572359519526126e-7,1.7332948547129857e-7
245,1.7212160876121138e-7,1.5744999393511736e-7,1.7388450245309896e-7
250,1.7254942884031074e-7,1.5766804877107285e-7,1.7445078836621007e-7
255,1.7298531922236367e-7,1.5789009309409267e-7,1.750283363050586e-7
260,1.7342925192595434e-7,1.5811610317477978e-7,1.756171395263379e-7
270,1.743411322885339e-7,1.585799239105589e-7,1.7682848570001443e-7
275,1.748090239583734e-7,1.5881768534300118e-7,1.7745101604313414e-7
280,1.7528484600813238e-7,1.5905931409932745e-7,1.780847764618423e-7
285,1.757685705400412e-7,1.5930478472082654e-7,1.787297611252301e-7
290,1.7626016972563597e-7,1.5955407142030142e-7,1.793859643994968e-7
295,1.7675961582157898e-7,1.5980714808792494e-7,1.8005338085079418e-7
300,1.7726688118467278e-7,1.600639882971176e-7,1.807320052471238e-7
305,1.7778193828603126e-7,1.6032456531044457e-7,1.8142183255925194e-7
310,1.7830475972436776e-7,1.605888520855301e-7,1.8212285796060377e-7
315,1.7883531823836642e-7,1.6085682128098553e-7,1.8283507682609905e-7
320,1.7937358671809615e-7,1.6112844526235068e-7,1.835584847298891e-7
330,1.8047314595344175e-7,1.6168254561531895e-7,1.8503885092355304e-7
340,1.8160322394855371e-7,1.6225092643360155e-7,1.8656392496057567e-7
350,1.8276361020007908e-7,1.6283335669863313e-7,1.881336781042612e-7
360,1.8395409735778996e-7,1.6342960127502822e-7,1.8974808417300328e-7
370,1.8517448132094508e-7,1.640394211013029e-7,1.9140711916240993e-7
390,1.877041394976687e-7,1.6529881176812074e-7,1.9485898783782397e-7
400,1.8901302142631073e-7,1.6594788656421667e-7,1.9665177964254278e-7
410,1.9035101515212122e-7,1.666095448976355e-7,1.984891151331177e-7
420,1.9171793116422898e-7,1.6728353091400363e-7,2.0037097200212504e-7
432,1.9339614372256472e-7,1.6810822230531353e-7,2.0268793359431018e-7
445,1.9526052791052563e-7,1.690207257640924e-7,2.0527022488417638e-7
458,1.9717268764803618e-7,1.6995251419210527e-7,2.0792758045896588e-7
475,1.997446077362868e-7,1.7119912761819557e-7,2.1151568159132922e-7
488,2.0176544039568195e-7,1.7217316925386673e-7,2.1434584604858552e-7
500,2.0367200462697242e-7,1.728602911230494e-7,2.1702454822950448e-7
515,2.0611024855297152e-7,1.7365847098463818e-7,2.2046208864881398e-7
530,2.0860896034896188e-7,1.7446877274148755e-7,2.2399830548506825e-7
550,2.1203325639696666e-7,1.7556690305023495e-7,2.288658135615506e-7
565,2.1466983988884337e-7,1.764029739199766e-7,2.3262994369357923e-7
580,2.1736391014441592e-7,1.7724905178768797e-7,2.3649035985229173e-7
600,2.210434396774067e-7,1.7839169416815896e-7,2.4178537140072826e-7
615,2.238669454960956e-7,1.7925883500747437e-7,2.458656197085205e-7
630,2.2674347975559333e-7,1.80134067734686e-7,2.500373359451611e-7
645,2.2967125412410577e-7,1.8101685840950912e-7,2.542983826086109e-7
660,2.326482069341458e-7,1.8190669169942272e-7,2.586462157713763e-7
675,2.3567196068545435e-7,1.8280307053732815e-7,2.6307782853245836e-7
688,2.3832829680539562e-7,1.8357643290912836e-7,2.6698361321845435e-7
700,2.408079265367532e-7,1.8428149154668996e-7,2.7064016966454173e-7
715,2.43941945776654e-7,1.8516725832292916e-7,2.7527629209462894e-7
732,2.475354184570504e-7,1.8617661897895947e-7,2.806121440130187e-7
750,2.513812851054626e-7,1.8725111418287503e-7,2.8634676181451416e-7
765,2.546119452065971e-7,1.8815060364441548e-7,2.911836039898274e-7
780,2.5785959052279504e-7,1.8905342467079898e-7,2.9606443644126e-7
800,2.622042482444222e-7,1.9026178790167304e-7,3.026243803535932e-7
820,2.6654825426596277e-7,1.9147470999067127e-7,3.0922050918292603e-7
840,2.7087014417895036e-7,1.9269145489775825e-7,3.1582347223181267e-7
860,2.7514534902344464e-7,1.939113085359473e-7,3.2239959307878813e-7
880,2.793460357384389e-7,1.9513356951567517e-7,3.289106333257765e-7
900,2.8344102853200215e-7,1.963575389719863e-7,3.353136589526467e-7
920,2.8739584017424393e-7,1.9758250946804163e-7,3.41561048188357e-7
940,2.9117284431067996e-7,1.9880775296980073e-7,3.4760068317152375e-7
960,2.947316196878207e-7,2.000325078894058e-7,3.5337636812102027e-7
980,2.9802949366103377e-7,2.0125596519920141e-7,3.588285128872568e-7
1000,3.010223045539907e-7,2.0247725362485884e-7,3.638951112596348e-7
1020,3.0366538967970134e-7,2.0369542393520995e-7,3.685130272536924e-7
1040,3.05914788011231e-7,2.049094323586437e-7,3.7261957950708773e-7
1060,3.077286243790751e-7,2.0611812317184251e-7,3.761543847319901e-7
1080,3.0906861754550236e-7,2.0732021052680624e-7,3.790613882222538e-7
1100,3.099016305682167e-7,2.085142596071734e-7,3.8129097656142904e-7
1120,3.1020116238385177e-7,2.0969866723538033e-7,3.8280204002310627e-7
1150,3.0961205587377036e-7,2.1145322607533903e-7,3.8365736617023463e-7
1180,3.0775906875290144e-7,2.131750676752725e-7,3.827770698240009e-7
1200,3.0583205686710294e-7,2.1430081589163047e-7,3.812299484224555e-7
1220,3.033731696121955e-7,2.1540568795839006e-7,3.789367012003084e-7
1250,2.9875210671661477e-7,2.1701715359707727e-7,3.7417294905202135e-7
1280,2.9312789479157713e-7,2.185632801429039e-7,3.679628212474643e-7
1300,2.888972135360078e-7,2.1955132955764785e-7,3.631152607557816e-7
1320,2.8434002916993923e-7,2.2050025641381577e-7,3.577770795429339e-7
1350,2.770055104733129e-7,2.2184007910459454e-7,3.489985499293938e-7
1380,2.692260840718684e-7,2.2306438655207147e-7,3.3949860690915933e-7
1400,2.6387377632973376e-7,2.2367760940364014e-7,3.328737919780021e-7
1420,2.5844090282128655e-7,2.242058556558251e-7,3.26087046559218e-7
1450,2.50227809731198e-7,2.2458118872891316e-7,3.2005171661394233e-7
1480,2.4204174436472184e-7,2.2451531290862274e-7,3.212072405316963e-7
1500,2.366478089918846e-7,2.2431012763062118e-7,3.216569455211155e-7
1550,2.2354746327345214e-7,2.2319788668615547e-7,3.215718060928417e-7
1600,2.111887194073363e-7,2.111887194073363e-7,3.1964545730483505e-7
1650,1.9971268789694228e-7,1.9971268789694228e-7,3.158882484714031e-7
1700,1.891730703575831e-7,1.891730703575831e-7,3.1060503712122523e-7
1750,1.7956518683364106e-7,1.7956518683364106e-7,3.0353230725520867e-7
1800,1.7084836671320378e-7,1.7084836671320378e-7,2.948908315328436e-7
1850,1.6296193645420014e-7,1.6296193645420014e-7,2.8497799273171944e-7
1900,1.5583599197033216e-7,1.5583599197033216e-7,2.741820302856407e-7
1950,1.4939829590331269e-7,1.4939829590331269e-7,2.6309401593845995e-7
2000,1.4357845894296574e-7,1.4357845894296574e-7,2.5169043165383e-7
2050,1.3831029573365982e-7,1.3831029573365982e-7,2.402537205534956e-7
2100,1.335329953814051e-7,1.335329953814051e-7,2.290130866792398e-7
2150,1.29191547430777e-7,1.29191547430777e-7,2.1814205452795715e-7
2200,1.2523671810660667e-7,1.2523671810660667e-7,2.0776226500920093e-7
2250,1.2162476939110827e-7,1.2162476939110827e-7,1.979507720790937e-7
2300,1.1831704408385336e-7,1.1831704408385336e-7,1.8950614310328078e-7
2350,1.1527949380723731e-7,1.1527949380723731e-7,1.8151575834745383e-7
2400,1.1248219667036333e-7,1.1248219667036333e-7,1.7395394607172684e-7
2450,1.0989889175716096e-7,1.0989889175716096e-7,1.6684136465586772e-7
2500,1.0750654514681479e-7,1.0750654514681479e-7,1.6018321328633772e-7
2550,1.0528495436618648e-7,1.0528495436618648e-7,1.539731689906034e-7
2600,1.0321639338986625e-7,1.0321639338986625e-7,1.481967211509531e-7
2700,9.947798550184103e-8,9.947798550184103e-8,1.378612620004512e-7
2750,9.778241680359539e-8,9.778241680359539e-8,1.3325374689164402e-7
2800,9.618797894030249e-8,9.618797894030249e-8,1.2898559736263694e-7
2850,9.468530313127522e-8,9.468530313127522e-8,1.2503132297344918e-7
2900,9.326610399546709e-8,9.326610399546709e-8,1.2136624579629185e-7
2950,9.192304060353254e-8,9.190223618022221e-8,1.179668706746166e-7
3000,9.0649596098584e-8,9.041786039157291e-8,1.1481110604876981e-7
3050,8.94399734407058e-8,8.90134265787619e-8,1.118783760582537e-7
3100,8.828900511586829e-8,8.768251301635884e-8,1.0914965537848892e-7
3150,8.719207491689871e-8,8.641936396730326e-8,1.0660745067253934e-7
3200,8.614505014771794e-8,8.521880927965612e-8,1.0423574650219665e-7
3300,8.418625860822321e-8,8.298732064080378e-8,9.994669564664058e-8
3400,8.238719014577253e-8,8.095596377685463e-8,9.618076036345413e-8
3500,8.072709576240367e-8,7.909840428091884e-8,9.285412561542178e-8
3600,7.91889009038376e-8,7.739284209954897e-8,8.989795093518112e-8
3700,7.775843022119078e-8,7.582108181923721e-8,8.725572025867144e-8
3900,7.517502568858537e-8,7.30200710832211e-8,8.273541381682448e-8
4000,7.400353405903945e-8,7.176676992301391e-8,8.078736633645111e-8
4100,7.290201718634771e-8,7.059839341374602e-8,7.90105178848623e-8
4200,7.186414784700382e-8,6.950670807645533e-8,7.738290964289842e-8
4320,7.069501581363333e-8,6.828789636451751e-8,7.560105603442295e-8
4450,6.951344988847819e-8,6.706817725227841e-8,7.385293981788276e-8
4580,6.841157185486985e-8,6.594186867572156e-8,7.226776850177953e-8
4750,6.707823917151314e-8,6.459363505515443e-8,7.040412726587689e-8
4880,6.61326143382861e-8,6.364732099016436e-8,6.911634431771171e-8
5000,6.53112481175333e-8,6.283208845571829e-8,6.801929427445502e-8
5150,6.434807167218299e-8,6.188414883460075e-8,6.67569466228213e-8
5300,6.344931226623243e-8,6.100749733909659e-8,6.560122784816352e-8
5500,6.23412058330655e-8,5.993720566158782e-8,6.420401661763082e-8
5650,6.157129297405195e-8,5.920046681615612e-8,6.325020159504139e-8
5800,6.084891443877433e-8,5.851437908806244e-8,6.236722585288903e-8
6000,5.995303325568142e-8,5.767047114258683e-8,6.128742379996743e-8
6150,5.932716491835072e-8,5.708549749433586e-8,6.05425987736775e-8
6300,5.8737383356878504e-8,5.6537710000303105e-8,5.984756535901536e-8
6450,5.81809703899986e-8,5.602399326009887e-8,5.919770975111888e-8
6600,5.7655466219126066e-8,5.554155917673416e-8,5.858898241892884e-8
6750,5.7158638719503514e-8,5.508790503386623e-8,5.801781120454203e-8
6880,5.674967684199118e-8,5.4716270749404914e-8,5.755071875313412e-8
7000,5.6388885168980574e-8,5.438975157337002e-8,5.714087832965333e-8
7150,5.59590786469498e-8,5.40024146067246e-8,5.6655304150471695e-8
7320,5.549854636510639e-8,5.3589367554550034e-8,5.6138145061618635e-8
7500,5.5039455542910833e-8,5.31796505621825e-8,5.562573222293854e-8
7650,5.467768330548299e-8,5.2858217812491416e-8,5.522408130037711e-8
7800,5.433353607262004e-8,5.25536153238527e-8,5.484370593988327e-8
8000,5.390018782966179e-8,5.2171683428349664e-8,5.436705145515957e-8
8200,5.349382030973902e-8,5.181517160679247e-8,5.392235817459952e-8
8400,5.31122774250604e-8,5.1481881947641425e-8,5.350679279598454e-8
8600,5.2753612475783845e-8,5.11698492093071e-8,5.311783780013923e-8
8800,5.241606410286232e-8,5.087731163796542e-8,5.275324845925449e-8
9000,5.209803546489276e-8,5.060268603110993e-8,5.2411016832667285e-8
9200,5.17980761371043e-8,5.034454634095171e-8,5.2089341425275354e-8
9400,5.151486632092995e-8,5.010160524425178e-8,5.178660146984882e-8
9600,5.124720302428966e-8,4.987269820990457e-8,5.15013350118075e-8
9800,5.099398793010911e-8,4.965676967898853e-8,5.123222014161454e-8
10000,5.0754216716927676e-8,4.9452861038861195e-8,5.097805884875206e-8
10200,5.0526969633120547e-8,4.926010012681264e-8,5.073776307168501e-8
10400,5.031140315710627e-8,4.907769204256396e-8,5.051034259715731e-8
10600,5.010674260131994e-8,4.890491108461345e-8,5.0294894524668176e-8
10800,4.9912275538792e-8,4.87410936547297e-8,5.009059406182108e-8
11000,4.9727345948714865e-8,4.858563199903723e-8,4.989668645625703e-8
11200,4.9551348992067504e-8,4.843796867413354e-8,4.971247990221734e-8
11500,4.9302892581216975e-8,4.822998681079611e-8,4.9452984359357415e-8
11800,4.9071578524507605e-8,4.803684970159792e-8,4.92119663236119e-8
12000,4.8926133706171815e-8,4.7915650896550816e-8,4.906070050280337e-8
12200,4.878721747657417e-8,4.780006405563548e-8,4.8916425437244706e-8
12500,4.859025902946538e-8,4.7636466032010374e-8,4.871220345693309e-8
12800,4.8405966510246387e-8,4.7483684297520166e-8,4.852146743247098e-8
13000,4.82896168777436e-8,4.738737260440876e-8,4.8401224581022094e-8
13200,4.817814090447063e-8,4.729519780589252e-8,4.828614486180032e-8
13500,4.801948762621849e-8,4.716418331914049e-8,4.8122575324286697e-8
13800,4.7870380034009207e-8,4.7041227604333954e-8,4.796907429249034e-8
14000,4.777590683854446e-8,4.696340938913438e-8,4.78719310699327e-8
14200,4.7685140016498744e-8,4.6888704518479953e-8,4.7778681898797356e-8
14500,4.75555260824655e-8,4.678212574313466e-8,4.764566403902313e-8
14800,4.7433232777561164e-8,4.668166825274791e-8,4.752031102432299e-8
15000,4.735550256339411e-8,4.661786555985851e-8,4.7440712835306996e-8
15500,4.7173410988705766e-8,4.646853706435461e-8,4.725447967513854e-8
16000,4.700717271709397e-8,4.63323573812982e-8,4.708474875624039e-8
16500,4.685499844697531e-8,4.620779956980669e-8,4.692962092195762e-8
17000,4.671534158330943e-8,4.609354992684059e-8,4.6787460997954844e-8
17500,4.658686008158807e-8,4.5988473350204425e-8,4.665685506383276e-8
18000,4.646838506298176e-8,4.58915850720618e-8,4.653657557210196e-8
18500,4.635889486951314e-8,4.580202746134784e-8,4.642555270901047e-8
19000,4.6257493513997595e-8,4.5719050884704284e-8,4.632285075269436e-8
19500,4.616339269900606e-8,4.564199783622062e-8,4.622764845682489e-8
20000,4.6075896748773315e-8,4.557028971471084e-8,4.613922269564655e-8
20500,4.5994389929933534e-8,4.5503415756753427e-8,4.605693476573833e-8
21000,4.591832574020189e-8,4.544092373395165e-8,4.598021886308785e-8
21500,4.5847217825342875e-8,4.538241210093789e-8,4.5908572350002206e-8
22000,4.5780632249011745e-8,4.5327523341819495e-8,4.584154750151475e-8
22500,4.5718180891133225e-8,4.527593831097806e-8,4.57787444801547e-8
23000,4.56595157912909e-8,4.5227371402337667e-8,4.5719805334860456e-8
23500,4.5604324286357216e-8,4.5181566411653686e-8,4.566440885719477e-8
24000,4.5552324818009496e-8,4.5138292980736586e-8,4.561226615795149e-8
24500,4.550326330716659e-8,4.50973435321252e-8,4.556311685132703e-8
25000,4.545691000977597e-8,4.5058530618559596e-8,4.551672575330133e-8
25500,4.541305678258423e-8,4.502168462445824e-8,4.547288001668322e-8
26000,4.537151469916334e-8,4.4986651767079425e-8,4.5431386638168475e-8
27000,4.529469209669637e-8,4.492147925754653e-8,4.535477138401938e-8
27500,4.525911230770703e-8,4.4891096583262115e-8,4.5319344470233974e-8
28000,4.5225242106829166e-8,4.486203849301502e-8,4.528565670360129e-8
28500,4.5192962047268105e-8,4.483420817394929e-8,4.525358658559833e-8
29000,4.5162162626246844e-8,4.4807516926518914e-8,4.522302281689888e-8
29500,4.5132743309140283e-8,4.478188335826859e-8,4.519386328809359e-8
30000,4.5104611663132034e-8,4.475723266931254e-8,4.5166014184789945e-8
30500,4.5077682586612694e-8,4.47334959051496e-8,4.513938919254116e-8
31000,4.505187762245309e-8,4.471060948629277e-8,4.5113908789097786e-8
31500,4.5027124344910516e-8,4.468851514584908e-8,4.508949961321054e-8
32000,4.5003355811307275e-8,4.4667158759870553e-8,4.5066093900680826e-8
33000,4.495852972356743e-8,4.4626463191512585e-8,4.502204681784955e-8
34000,4.4916956027004936e-8,4.458650765086674e-8,4.4981319444922806e-8
35000,4.487825244087373e-8,4.4544959662122634e-8,4.494352586147439e-8
36000,4.4842087886483636e-8,4.4505479166538864e-8,4.490833223824696e-8
37000,4.4808174437500434e-8,4.4467981901181595e-8,4.487544860744468e-8
39000,4.4746126369725795e-8,4.439798794370062e-8,4.4815631412861064e-8
40000,4.4717577649100854e-8,4.436508726328861e-8,4.478828210449483e-8
